epoch,lr-Adam,step,train_loss_epoch,train_loss_step,val_MAE,val_MAPE,val_RMSE,val_SMAPE,val_loss
,0.001,0,,,,,,,
0,,19,,2.819899320602417,,,,,
0,,39,,2.3719615936279297,,,,,
0,,59,,2.2654428482055664,,,,,
0,,79,,2.0677597522735596,,,,,
0,,99,,1.8785477876663208,,,,,
0,,119,,1.9960867166519165,,,,,
0,,139,,2.0207338333129883,,,,,
0,,159,,1.942365288734436,,,,,
0,,179,,1.9328876733779907,,,,,
0,,199,,2.003859519958496,,,,,
0,,219,,1.7451238632202148,,,,,
0,,239,,1.8694621324539185,,,,,
0,,259,,1.8711278438568115,,,,,
0,,279,,1.9862785339355469,,,,,
0,,299,,1.7047357559204102,,,,,
0,,319,,1.763284683227539,,,,,
0,,339,,1.846584439277649,,,,,
0,,359,,1.7786413431167603,,,,,
0,,379,,1.9382141828536987,,,,,
0,,399,,1.6432905197143555,,,,,
0,,419,,1.7181485891342163,,,,,
0,,439,,1.8730725049972534,,,,,
0,,459,,1.8167058229446411,,,,,
0,,479,,1.7505556344985962,,,,,
0,,499,,1.7129491567611694,,,,,
0,,519,,1.8352419137954712,,,,,
0,,539,,1.836581826210022,,,,,
0,,559,,1.6229954957962036,,,,,
0,,579,,1.7713364362716675,,,,,
0,,599,,1.802994728088379,,,,,
0,,619,,1.7928441762924194,,,,,
0,,639,,1.6769990921020508,,,,,
0,,659,,1.649267315864563,,,,,
0,,679,,1.797392725944519,,,,,
0,,699,,1.6639890670776367,,,,,
0,,719,,1.875188946723938,,,,,
0,,739,,1.7240082025527954,,,,,
0,,759,,1.9080804586410522,,,,,
0,,779,,1.676512360572815,,,,,
0,,799,,1.4966731071472168,,,,,
0,,819,,1.746191382408142,,,,,
0,,839,,1.718799114227295,,,,,
0,,859,,1.541678786277771,,,,,
0,,879,,1.6898669004440308,,,,,
0,,899,,1.6674083471298218,,,,,
0,,919,,1.6610517501831055,,,,,
0,,939,,1.7130826711654663,,,,,
0,,959,,1.762400507926941,,,,,
0,,979,,1.7632827758789062,,,,,
0,,999,,1.5976060628890991,,,,,
0,,1019,,1.745673656463623,,,,,
0,,1039,,1.6913295984268188,,,,,
0,,1059,,1.6220182180404663,,,,,
0,,1079,,1.7600916624069214,,,,,
0,,1099,,1.8566102981567383,,,,,
0,,1119,,1.7433899641036987,,,,,
0,,1139,,1.7679804563522339,,,,,
0,,1159,,1.6561431884765625,,,,,
0,,1179,,1.5896538496017456,,,,,
0,,1199,,1.5789655447006226,,,,,
0,,1219,,1.7897297143936157,,,,,
0,,1239,,1.7567287683486938,,,,,
0,,1259,,1.7898250818252563,,,,,
0,,1279,,1.5756868124008179,,,,,
0,,1299,,1.6606521606445312,,,,,
0,,1319,,1.7775349617004395,,,,,
0,,1339,,1.6074886322021484,,,,,
0,,1359,,1.746609091758728,,,,,
0,,1379,,1.7388782501220703,,,,,
0,,1399,,1.5916311740875244,,,,,
0,,1419,,1.7592941522598267,,,,,
0,,1439,,1.6637061834335327,,,,,
0,,1459,,1.684749960899353,,,,,
0,,1479,,1.633373737335205,,,,,
0,,1499,,1.692372441291809,,,,,
0,,1519,,1.7033697366714478,,,,,
0,,1539,,1.5559945106506348,,,,,
0,,1559,,1.7611204385757446,,,,,
0,,1579,,1.5963643789291382,,,,,
0,,1599,,1.7102112770080566,,,,,
0,,1619,,1.6462182998657227,,,,,
0,,1639,,1.574837327003479,,,,,
0,,1659,,1.8076342344284058,,,,,
0,,1679,,1.5247154235839844,,,,,
0,,1699,,1.717568039894104,,,,,
0,,1719,,1.792205572128296,,,,,
0,,1739,,1.744012475013733,,,,,
0,,1759,,1.654812216758728,,,,,
0,,1779,,1.6689761877059937,,,,,
0,,1799,,1.6976864337921143,,,,,
0,,1819,,1.7307162284851074,,,,,
0,,1839,,1.722745418548584,,,,,
0,,1859,,1.6285467147827148,,,,,
0,,1879,,1.7376346588134766,,,,,
0,,1899,,1.516870379447937,,,,,
0,,1919,,1.7579460144042969,,,,,
0,,1939,,1.6320377588272095,,,,,
0,,1959,,1.8056516647338867,,,,,
0,,1979,,1.6529418230056763,,,,,
0,,1999,,1.5755853652954102,,,,,
0,,2019,,1.5860190391540527,,,,,
0,,2039,,1.61656653881073,,,,,
0,,2059,,1.6922001838684082,,,,,
0,,2079,,1.5990005731582642,,,,,
0,,2099,,1.7045001983642578,,,,,
0,,2119,,1.5584650039672852,,,,,
0,,2139,,1.5984289646148682,,,,,
0,,2159,,1.5537487268447876,,,,,
0,,2179,,1.6803665161132812,,,,,
0,,2199,,1.5784506797790527,,,,,
0,,2219,,1.7229417562484741,,,,,
0,,2239,,1.6755450963974,,,,,
0,,2259,,1.4197582006454468,,,,,
0,,2279,,1.6514173746109009,,,,,
0,,2299,,1.4287153482437134,,,,,
0,,2319,,1.8020365238189697,,,,,
0,,2339,,1.5501766204833984,,,,,
0,,2359,,1.6740182638168335,,,,,
0,,2379,,1.5011581182479858,,,,,
0,,2399,,1.725906491279602,,,,,
0,,2419,,1.72787344455719,,,,,
0,,2439,,1.5380219221115112,,,,,
0,,2459,,1.6028023958206177,,,,,
0,,2479,,1.6815894842147827,,,,,
0,,2499,,1.5806423425674438,,,,,
0,,2519,,1.6246033906936646,,,,,
0,,2539,,1.785383701324463,,,,,
0,,2559,,1.771213173866272,,,,,
0,,2579,,1.5377482175827026,,,,,
0,,2599,,1.8023515939712524,,,,,
0,,2619,,1.7640596628189087,,,,,
0,,2639,,1.6923052072525024,,,,,
0,,2659,,1.677596092224121,,,,,
0,,2679,,1.708229660987854,,,,,
0,,2699,,1.5625742673873901,,,,,
0,,2719,,1.6785446405410767,,,,,
0,,2739,,1.5900897979736328,,,,,
0,,2759,,1.5581555366516113,,,,,
0,,2779,,1.761312484741211,,,,,
0,,2799,,1.7107619047164917,,,,,
0,,2819,,1.6884742975234985,,,,,
0,,2839,,1.5829458236694336,,,,,
0,,2859,,1.5699841976165771,,,,,
0,,2879,,1.578216791152954,,,,,
0,,2899,,1.597635269165039,,,,,
0,,2919,,1.5408283472061157,,,,,
0,,2939,,1.5783568620681763,,,,,
0,,2959,,1.773607850074768,,,,,
0,,2979,,1.590802550315857,,,,,
0,,2999,,1.6386241912841797,,,,,
0,,3019,,1.5758099555969238,,,,,
0,,3039,,1.5948361158370972,,,,,
0,,3059,,1.6110177040100098,,,,,
0,,3079,,1.765088438987732,,,,,
0,,3099,,1.76445734500885,,,,,
0,,3119,,1.7672971487045288,,,,,
0,,3139,,1.7392772436141968,,,,,
0,,3159,,1.6951513290405273,,,,,
0,,3179,,1.7099896669387817,,,,,
0,,3199,,1.706135630607605,,,,,
0,,3219,,1.5981329679489136,,,,,
0,,3239,,1.5919221639633179,,,,,
0,,3259,,1.5538734197616577,,,,,
0,,3279,,1.685379981994629,,,,,
0,,3299,,1.6392055749893188,,,,,
0,,3319,,1.5953689813613892,,,,,
0,,3339,,1.802292823791504,,,,,
0,,3359,,1.8952617645263672,,,,,
0,,3379,,1.660047173500061,,,,,
0,,3399,,1.5852446556091309,,,,,
0,,3419,,1.6553354263305664,,,,,
0,,3439,,1.6203809976577759,,,,,
0,,3459,,1.4480491876602173,,,,,
0,,3479,,1.5215989351272583,,,,,
0,,3499,,1.7295913696289062,,,,,
0,,3519,,1.5494111776351929,,,,,
0,,3539,,1.6234318017959595,,,,,
0,,3559,,1.6569288969039917,,,,,
0,,3579,,1.4587410688400269,,,,,
0,,3599,,1.7713874578475952,,,,,
0,,3619,,1.666714072227478,,,,,
0,,3639,,1.8029903173446655,,,,,
0,,3659,,1.6331697702407837,,,,,
0,,3679,,1.593094825744629,,,,,
0,,3699,,1.6602405309677124,,,,,
0,,3719,,1.5402199029922485,,,,,
0,,3739,,1.6016240119934082,,,,,
0,,3759,,1.5209016799926758,,,,,
0,,3779,,1.7144994735717773,,,,,
0,,3799,,1.7463346719741821,,,,,
0,,3819,,1.6028131246566772,,,,,
0,,3839,,1.5420292615890503,,,,,
0,,3859,,1.7605270147323608,,,,,
0,,3879,,1.6558843851089478,,,,,
0,,3899,,1.5914794206619263,,,,,
0,,3919,,1.6603244543075562,,,,,
0,,3939,,1.6379762887954712,,,,,
0,,3959,,1.611884593963623,,,,,
0,,3979,,1.697074294090271,,,,,
0,,3999,,1.4401226043701172,,,,,
0,,4019,,1.667868971824646,,,,,
0,,4039,,1.5743488073349,,,,,
0,,4059,,1.6006039381027222,,,,,
0,,4079,,1.6000581979751587,,,,,
0,,4099,,1.6262993812561035,,,,,
0,,4119,,1.731819748878479,,,,,
0,,4139,,1.6092196702957153,,,,,
0,,4159,,1.6428378820419312,,,,,
0,,4179,,1.6604655981063843,,,,,
0,,4199,,1.6693836450576782,,,,,
0,,4219,,1.6215530633926392,,,,,
0,,4239,,1.6143964529037476,,,,,
0,,4259,,1.6563477516174316,,,,,
0,,4279,,1.5160220861434937,,,,,
0,,4299,,1.5892583131790161,,,,,
0,,4319,,1.4833135604858398,,,,,
0,,4339,,1.6117138862609863,,,,,
0,,4359,,1.505470633506775,,,,,
0,,4379,,1.788685917854309,,,,,
0,,4399,,1.8056577444076538,,,,,
0,,4419,,1.6428693532943726,,,,,
0,,4439,,1.6357593536376953,,,,,
0,,4459,,1.5904664993286133,,,,,
0,,4479,,1.5526626110076904,,,,,
0,,4499,,1.6456360816955566,,,,,
0,,4519,,1.6275607347488403,,,,,
0,,4539,,1.515224575996399,,,,,
0,,4559,,1.422899603843689,,,,,
0,,4579,,1.6683940887451172,,,,,
0,,4599,,1.5636130571365356,,,,,
0,,4619,,1.6975858211517334,,,,,
0,,4639,,1.716239333152771,,,,,
0,,4659,,1.6484657526016235,,,,,
0,,4679,,1.5891193151474,,,,,
0,,4699,,1.7561336755752563,,,,,
0,,4719,,1.539231300354004,,,,,
0,,4739,,1.6570696830749512,,,,,
0,,4759,,1.5310107469558716,,,,,
0,,4779,,1.6084502935409546,,,,,
0,,4799,,1.558061957359314,,,,,
0,,4819,,1.6480706930160522,,,,,
0,,4839,,1.4990909099578857,,,,,
0,,4859,,1.7153428792953491,,,,,
0,,4879,,1.6676349639892578,,,,,
0,,4899,,1.69490385055542,,,,,
0,,4919,,1.4319344758987427,,,,,
0,,4939,,1.5957082509994507,,,,,
0,,4959,,1.5719372034072876,,,,,
0,,4979,,1.473793387413025,,,,,
0,,4999,,1.5089362859725952,,,,,
0,,5019,,1.7684605121612549,,,,,
0,,5039,,1.5995453596115112,,,,,
0,,5059,,1.6743215322494507,,,,,
0,,5079,,1.575812816619873,,,,,
0,,5099,,1.4750088453292847,,,,,
0,,5119,,1.5255845785140991,,,,,
0,,5139,,1.5280057191848755,,,,,
0,,5159,,1.600580096244812,,,,,
0,,5179,,1.5673494338989258,,,,,
0,,5199,,1.4256868362426758,,,,,
0,,5219,,1.4907392263412476,,,,,
0,,5239,,1.6994904279708862,,,,,
0,,5259,,1.5996004343032837,,,,,
0,,5279,,1.5640910863876343,,,,,
0,,5299,,1.6061922311782837,,,,,
0,,5319,,1.6428155899047852,,,,,
0,,5339,,1.5163308382034302,,,,,
0,,5359,,1.411903738975525,,,,,
0,,5379,,1.5981179475784302,,,,,
0,,5399,,1.5920591354370117,,,,,
0,,5419,,1.3364263772964478,,,,,
0,,5439,,1.5113344192504883,,,,,
0,,5459,,1.5997142791748047,,,,,
0,,5479,,1.5877805948257446,,,,,
0,,5499,,1.6661663055419922,,,,,
0,,5519,,1.611742615699768,,,,,
0,,5539,,1.6450611352920532,,,,,
0,,5559,,1.5687967538833618,,,,,
0,,5579,,1.6489750146865845,,,,,
0,,5599,,1.4035639762878418,,,,,
0,,5619,,1.7534394264221191,,,,,
0,,5639,,1.5477714538574219,,,,,
0,,5659,,1.7028980255126953,,,,,
0,,5679,,1.4746967554092407,,,,,
0,,5699,,1.5843266248703003,,,,,
0,,5719,,1.6135095357894897,,,,,
0,,5739,,1.487280249595642,,,,,
0,,5759,,1.7177635431289673,,,,,
0,,5779,,1.663415551185608,,,,,
0,,5799,,1.4626268148422241,,,,,
0,,5819,,1.664899230003357,,,,,
0,,5839,,1.6170198917388916,,,,,
0,,5859,,1.400568962097168,,,,,
0,,5879,,1.4670377969741821,,,,,
0,,5899,,1.5520139932632446,,,,,
0,,5919,,1.6380162239074707,,,,,
0,,5939,,1.6330654621124268,,,,,
0,,5959,,1.5163358449935913,,,,,
0,,5979,,1.76785409450531,,,,,
0,,5999,,1.4868890047073364,,,,,
0,,6019,,1.4703855514526367,,,,,
0,,6039,,1.690029501914978,,,,,
0,,6059,,1.4346965551376343,,,,,
0,,6079,,1.5145573616027832,,,,,
0,,6099,,1.5891504287719727,,,,,
0,,6119,,1.609395146369934,,,,,
0,,6139,,1.533747673034668,,,,,
0,,6159,,1.56796395778656,,,,,
0,,6179,,1.5228886604309082,,,,,
0,,6199,,1.4138349294662476,,,,,
0,,6219,,1.4921643733978271,,,,,
0,,6239,,1.6646723747253418,,,,,
0,,6259,,1.5166279077529907,,,,,
0,,6279,,1.6821203231811523,,,,,
0,,6299,,1.6071819067001343,,,,,
0,,6319,,1.4962778091430664,,,,,
0,,6339,,1.6427010297775269,,,,,
0,,6359,,1.4215527772903442,,,,,
0,,6379,,1.6799732446670532,,,,,
0,,6399,,1.6232246160507202,,,,,
0,,6419,,1.5007405281066895,,,,,
0,,6439,,1.5680729150772095,,,,,
0,,6459,,1.6488968133926392,,,,,
0,,6479,,1.3856276273727417,,,,,
0,,6499,,1.6021711826324463,,,,,
0,,6519,,1.5498005151748657,,,,,
0,,6539,,1.4674440622329712,,,,,
0,,6559,,1.5677775144577026,,,,,
0,,6579,,1.5992684364318848,,,,,
0,,6599,,1.6427289247512817,,,,,
0,,6619,,1.6107488870620728,,,,,
0,,6639,,1.5865625143051147,,,,,
0,,6659,,1.463891625404358,,,,,
0,,6679,,1.3947649002075195,,,,,
0,,6699,,1.4502865076065063,,,,,
0,,6719,,1.6207290887832642,,,,,
0,,6739,,1.5432941913604736,,,,,
0,,6749,,,1.2392045259475708,17609870.0,2.795278549194336,1.4214537143707275,0.8101677298545837
0,,6749,1.6529344320297241,,,,,,
,0.001,6750,,,,,,,
1,,6759,,1.556635856628418,,,,,
1,,6779,,1.556565523147583,,,,,
1,,6799,,1.4328504800796509,,,,,
1,,6819,,1.5547456741333008,,,,,
1,,6839,,1.5198920965194702,,,,,
1,,6859,,1.3718740940093994,,,,,
1,,6879,,1.501383900642395,,,,,
1,,6899,,1.4692468643188477,,,,,
1,,6919,,1.5366196632385254,,,,,
1,,6939,,1.552208662033081,,,,,
1,,6959,,1.4717251062393188,,,,,
1,,6979,,1.5977712869644165,,,,,
1,,6999,,1.4233070611953735,,,,,
1,,7019,,1.5064789056777954,,,,,
1,,7039,,1.5508270263671875,,,,,
1,,7059,,1.5054746866226196,,,,,
1,,7079,,1.6255693435668945,,,,,
1,,7099,,1.5784451961517334,,,,,
1,,7119,,1.5896821022033691,,,,,
1,,7139,,1.4881107807159424,,,,,
1,,7159,,1.461966633796692,,,,,
1,,7179,,1.5109421014785767,,,,,
1,,7199,,1.5681384801864624,,,,,
1,,7219,,1.4552782773971558,,,,,
1,,7239,,1.552298903465271,,,,,
1,,7259,,1.478568434715271,,,,,
1,,7279,,1.4637218713760376,,,,,
1,,7299,,1.5538421869277954,,,,,
1,,7319,,1.6277648210525513,,,,,
1,,7339,,1.5624271631240845,,,,,
1,,7359,,1.5478140115737915,,,,,
1,,7379,,1.547727108001709,,,,,
1,,7399,,1.4112138748168945,,,,,
1,,7419,,1.473382830619812,,,,,
1,,7439,,1.6548417806625366,,,,,
1,,7459,,1.5116370916366577,,,,,
1,,7479,,1.4912909269332886,,,,,
1,,7499,,1.5472126007080078,,,,,
1,,7519,,1.5662078857421875,,,,,
1,,7539,,1.4586830139160156,,,,,
1,,7559,,1.5183701515197754,,,,,
1,,7579,,1.5720064640045166,,,,,
1,,7599,,1.617154598236084,,,,,
1,,7619,,1.4804309606552124,,,,,
1,,7639,,1.625834345817566,,,,,
1,,7659,,1.601412296295166,,,,,
1,,7679,,1.5708894729614258,,,,,
1,,7699,,1.4763898849487305,,,,,
1,,7719,,1.4338308572769165,,,,,
1,,7739,,1.4363694190979004,,,,,
1,,7759,,1.4331632852554321,,,,,
1,,7779,,1.4702509641647339,,,,,
1,,7799,,1.5398333072662354,,,,,
1,,7819,,1.4330389499664307,,,,,
1,,7839,,1.4989854097366333,,,,,
1,,7859,,1.3812971115112305,,,,,
1,,7879,,1.513800024986267,,,,,
1,,7899,,1.4375931024551392,,,,,
1,,7919,,1.511155128479004,,,,,
1,,7939,,1.5580463409423828,,,,,
1,,7959,,1.4804402589797974,,,,,
1,,7979,,1.4455467462539673,,,,,
1,,7999,,1.6122053861618042,,,,,
1,,8019,,1.5610307455062866,,,,,
1,,8039,,1.6663728952407837,,,,,
1,,8059,,1.50558340549469,,,,,
1,,8079,,1.4616092443466187,,,,,
1,,8099,,1.3491671085357666,,,,,
1,,8119,,1.5427254438400269,,,,,
1,,8139,,1.4754139184951782,,,,,
1,,8159,,1.4117368459701538,,,,,
1,,8179,,1.5000423192977905,,,,,
1,,8199,,1.4728695154190063,,,,,
1,,8219,,1.3419594764709473,,,,,
1,,8239,,1.4537750482559204,,,,,
1,,8259,,1.6432300806045532,,,,,
1,,8279,,1.5808442831039429,,,,,
1,,8299,,1.587828278541565,,,,,
1,,8319,,1.6186805963516235,,,,,
1,,8339,,1.5051259994506836,,,,,
1,,8359,,1.3640503883361816,,,,,
1,,8379,,1.5288633108139038,,,,,
1,,8399,,1.647269606590271,,,,,
1,,8419,,1.5578514337539673,,,,,
1,,8439,,1.4435254335403442,,,,,
1,,8459,,1.4784005880355835,,,,,
1,,8479,,1.4576619863510132,,,,,
1,,8499,,1.4334111213684082,,,,,
1,,8519,,1.4392882585525513,,,,,
1,,8539,,1.4165672063827515,,,,,
1,,8559,,1.4555673599243164,,,,,
1,,8579,,1.465659499168396,,,,,
1,,8599,,1.5332173109054565,,,,,
1,,8619,,1.544112205505371,,,,,
1,,8639,,1.4209251403808594,,,,,
1,,8659,,1.4342231750488281,,,,,
1,,8679,,1.4142465591430664,,,,,
1,,8699,,1.6259933710098267,,,,,
1,,8719,,1.389367938041687,,,,,
1,,8739,,1.3802160024642944,,,,,
1,,8759,,1.4948145151138306,,,,,
1,,8779,,1.5659347772598267,,,,,
1,,8799,,1.498799204826355,,,,,
1,,8819,,1.5201386213302612,,,,,
1,,8839,,1.5297045707702637,,,,,
1,,8859,,1.4216312170028687,,,,,
1,,8879,,1.455453872680664,,,,,
1,,8899,,1.6260251998901367,,,,,
1,,8919,,1.453757405281067,,,,,
1,,8939,,1.3258625268936157,,,,,
1,,8959,,1.5297741889953613,,,,,
1,,8979,,1.5626236200332642,,,,,
1,,8999,,1.6063774824142456,,,,,
1,,9019,,1.6037741899490356,,,,,
1,,9039,,1.560932993888855,,,,,
1,,9059,,1.5222266912460327,,,,,
1,,9079,,1.6112548112869263,,,,,
1,,9099,,1.4564504623413086,,,,,
1,,9119,,1.3825907707214355,,,,,
1,,9139,,1.4373995065689087,,,,,
1,,9159,,1.5002540349960327,,,,,
1,,9179,,1.47819983959198,,,,,
1,,9199,,1.4261951446533203,,,,,
1,,9219,,1.5807393789291382,,,,,
1,,9239,,1.6156097650527954,,,,,
1,,9259,,1.4135980606079102,,,,,
1,,9279,,1.5796747207641602,,,,,
1,,9299,,1.4326165914535522,,,,,
1,,9319,,1.652296543121338,,,,,
1,,9339,,1.5100427865982056,,,,,
1,,9359,,1.5067377090454102,,,,,
1,,9379,,1.572469711303711,,,,,
1,,9399,,1.4526335000991821,,,,,
1,,9419,,1.451743721961975,,,,,
1,,9439,,1.628394365310669,,,,,
1,,9459,,1.4665478467941284,,,,,
1,,9479,,1.5618829727172852,,,,,
1,,9499,,1.4317998886108398,,,,,
1,,9519,,1.5571717023849487,,,,,
1,,9539,,1.4761029481887817,,,,,
1,,9559,,1.5446891784667969,,,,,
1,,9579,,1.434700846672058,,,,,
1,,9599,,1.343675136566162,,,,,
1,,9619,,1.4934329986572266,,,,,
1,,9639,,1.6438961029052734,,,,,
1,,9659,,1.4573392868041992,,,,,
1,,9679,,1.3799928426742554,,,,,
1,,9699,,1.5132240056991577,,,,,
1,,9719,,1.53005850315094,,,,,
1,,9739,,1.4592736959457397,,,,,
1,,9759,,1.6242320537567139,,,,,
1,,9779,,1.5161322355270386,,,,,
1,,9799,,1.4597781896591187,,,,,
1,,9819,,1.426525592803955,,,,,
1,,9839,,1.5000394582748413,,,,,
1,,9859,,1.4070580005645752,,,,,
1,,9879,,1.6267188787460327,,,,,
1,,9899,,1.4766454696655273,,,,,
1,,9919,,1.4332689046859741,,,,,
1,,9939,,1.6210287809371948,,,,,
1,,9959,,1.5277725458145142,,,,,
1,,9979,,1.709782600402832,,,,,
1,,9999,,1.4270037412643433,,,,,
1,,10019,,1.4280177354812622,,,,,
1,,10039,,1.4921379089355469,,,,,
1,,10059,,1.454800009727478,,,,,
1,,10079,,1.3991498947143555,,,,,
1,,10099,,1.5380048751831055,,,,,
1,,10119,,1.3913177251815796,,,,,
1,,10139,,1.4062128067016602,,,,,
1,,10159,,1.4378961324691772,,,,,
1,,10179,,1.5151828527450562,,,,,
1,,10199,,1.5869576930999756,,,,,
1,,10219,,1.397955298423767,,,,,
1,,10239,,1.6038850545883179,,,,,
1,,10259,,1.6422139406204224,,,,,
1,,10279,,1.6340293884277344,,,,,
1,,10299,,1.4923299551010132,,,,,
1,,10319,,1.4702448844909668,,,,,
1,,10339,,1.4431049823760986,,,,,
1,,10359,,1.5819835662841797,,,,,
1,,10379,,1.4520918130874634,,,,,
1,,10399,,1.5087990760803223,,,,,
1,,10419,,1.5020856857299805,,,,,
1,,10439,,1.6406097412109375,,,,,
1,,10459,,1.4962869882583618,,,,,
1,,10479,,1.4874931573867798,,,,,
1,,10499,,1.441663384437561,,,,,
1,,10519,,1.4758989810943604,,,,,
1,,10539,,1.4881374835968018,,,,,
1,,10559,,1.55525803565979,,,,,
1,,10579,,1.327196478843689,,,,,
1,,10599,,1.5660204887390137,,,,,
1,,10619,,1.471380591392517,,,,,
1,,10639,,1.6588239669799805,,,,,
1,,10659,,1.5333963632583618,,,,,
1,,10679,,1.607038140296936,,,,,
1,,10699,,1.5738521814346313,,,,,
1,,10719,,1.4276032447814941,,,,,
1,,10739,,1.437388300895691,,,,,
1,,10759,,1.5758075714111328,,,,,
1,,10779,,1.5704370737075806,,,,,
1,,10799,,1.595512866973877,,,,,
1,,10819,,1.4653538465499878,,,,,
1,,10839,,1.5887337923049927,,,,,
1,,10859,,1.5450003147125244,,,,,
1,,10879,,1.4256120920181274,,,,,
1,,10899,,1.5129799842834473,,,,,
1,,10919,,1.537550449371338,,,,,
1,,10939,,1.425147533416748,,,,,
1,,10959,,1.4623953104019165,,,,,
1,,10979,,1.4620362520217896,,,,,
1,,10999,,1.5600037574768066,,,,,
1,,11019,,1.4943960905075073,,,,,
1,,11039,,1.499934196472168,,,,,
1,,11059,,1.5725692510604858,,,,,
1,,11079,,1.4392510652542114,,,,,
1,,11099,,1.4877808094024658,,,,,
1,,11119,,1.4998211860656738,,,,,
1,,11139,,1.390641689300537,,,,,
1,,11159,,1.5603708028793335,,,,,
1,,11179,,1.603783369064331,,,,,
1,,11199,,1.46392023563385,,,,,
1,,11219,,1.511334776878357,,,,,
1,,11239,,1.529518723487854,,,,,
1,,11259,,1.514172911643982,,,,,
1,,11279,,1.5247697830200195,,,,,
1,,11299,,1.5700589418411255,,,,,
1,,11319,,1.576682686805725,,,,,
1,,11339,,1.4138721227645874,,,,,
1,,11359,,1.430935025215149,,,,,
1,,11379,,1.3738905191421509,,,,,
1,,11399,,1.5236159563064575,,,,,
1,,11419,,1.55401611328125,,,,,
1,,11439,,1.5371726751327515,,,,,
1,,11459,,1.4709925651550293,,,,,
1,,11479,,1.6668635606765747,,,,,
1,,11499,,1.4298518896102905,,,,,
1,,11519,,1.6455248594284058,,,,,
1,,11539,,1.4130882024765015,,,,,
1,,11559,,1.3472295999526978,,,,,
1,,11579,,1.4934362173080444,,,,,
1,,11599,,1.4939535856246948,,,,,
1,,11619,,1.5655635595321655,,,,,
1,,11639,,1.7121387720108032,,,,,
1,,11659,,1.4975038766860962,,,,,
1,,11679,,1.5662803649902344,,,,,
1,,11699,,1.505324125289917,,,,,
1,,11719,,1.6189703941345215,,,,,
1,,11739,,1.6276963949203491,,,,,
1,,11759,,1.4411693811416626,,,,,
1,,11779,,1.4237290620803833,,,,,
1,,11799,,1.4863437414169312,,,,,
1,,11819,,1.4671175479888916,,,,,
1,,11839,,1.5527032613754272,,,,,
1,,11859,,1.4306644201278687,,,,,
1,,11879,,1.4251583814620972,,,,,
1,,11899,,1.4904261827468872,,,,,
1,,11919,,1.596326470375061,,,,,
1,,11939,,1.4712775945663452,,,,,
1,,11959,,1.375659465789795,,,,,
1,,11979,,1.4086471796035767,,,,,
1,,11999,,1.4643410444259644,,,,,
1,,12019,,1.4648241996765137,,,,,
1,,12039,,1.5279613733291626,,,,,
1,,12059,,1.5738292932510376,,,,,
1,,12079,,1.4928430318832397,,,,,
1,,12099,,1.4862746000289917,,,,,
1,,12119,,1.533280372619629,,,,,
1,,12139,,1.4180935621261597,,,,,
1,,12159,,1.3571548461914062,,,,,
1,,12179,,1.4433237314224243,,,,,
1,,12199,,1.6233139038085938,,,,,
1,,12219,,1.4291642904281616,,,,,
1,,12239,,1.458411693572998,,,,,
1,,12259,,1.617837905883789,,,,,
1,,12279,,1.5341943502426147,,,,,
1,,12299,,1.6874539852142334,,,,,
1,,12319,,1.3261075019836426,,,,,
1,,12339,,1.552250862121582,,,,,
1,,12359,,1.3746341466903687,,,,,
1,,12379,,1.4300273656845093,,,,,
1,,12399,,1.4406994581222534,,,,,
1,,12419,,1.5421686172485352,,,,,
1,,12439,,1.413577675819397,,,,,
1,,12459,,1.4490457773208618,,,,,
1,,12479,,1.5149412155151367,,,,,
1,,12499,,1.466339111328125,,,,,
1,,12519,,1.593598484992981,,,,,
1,,12539,,1.4657294750213623,,,,,
1,,12559,,1.3874977827072144,,,,,
1,,12579,,1.4685392379760742,,,,,
1,,12599,,1.574625015258789,,,,,
1,,12619,,1.4477514028549194,,,,,
1,,12639,,1.5396462678909302,,,,,
1,,12659,,1.5228559970855713,,,,,
1,,12679,,1.5294042825698853,,,,,
1,,12699,,1.38117516040802,,,,,
1,,12719,,1.4961215257644653,,,,,
1,,12739,,1.4184081554412842,,,,,
1,,12759,,1.5370649099349976,,,,,
1,,12779,,1.5135778188705444,,,,,
1,,12799,,1.5424309968948364,,,,,
1,,12819,,1.3528027534484863,,,,,
1,,12839,,1.5147463083267212,,,,,
1,,12859,,1.5319074392318726,,,,,
1,,12879,,1.577765703201294,,,,,
1,,12899,,1.3312865495681763,,,,,
1,,12919,,1.4367808103561401,,,,,
1,,12939,,1.5787509679794312,,,,,
1,,12959,,1.6572318077087402,,,,,
1,,12979,,1.539013385772705,,,,,
1,,12999,,1.4448388814926147,,,,,
1,,13019,,1.3850444555282593,,,,,
1,,13039,,1.4728425741195679,,,,,
1,,13059,,1.450122356414795,,,,,
1,,13079,,1.525699257850647,,,,,
1,,13099,,1.5452923774719238,,,,,
1,,13119,,1.4127622842788696,,,,,
1,,13139,,1.347299575805664,,,,,
1,,13159,,1.4815753698349,,,,,
1,,13179,,1.3290607929229736,,,,,
1,,13199,,1.5591304302215576,,,,,
1,,13219,,1.4093583822250366,,,,,
1,,13239,,1.4375346899032593,,,,,
1,,13259,,1.4633769989013672,,,,,
1,,13279,,1.678788185119629,,,,,
1,,13299,,1.3299704790115356,,,,,
1,,13319,,1.5316609144210815,,,,,
1,,13339,,1.520095705986023,,,,,
1,,13359,,1.5463171005249023,,,,,
1,,13379,,1.689461350440979,,,,,
1,,13399,,1.4446343183517456,,,,,
1,,13419,,1.52585768699646,,,,,
1,,13439,,1.503275752067566,,,,,
1,,13459,,1.535630226135254,,,,,
1,,13479,,1.5405702590942383,,,,,
1,,13499,,1.4695781469345093,,,,,
1,,13499,,,1.1911563873291016,18405440.0,2.6079931259155273,1.2851954698562622,0.7623351812362671
1,,13499,1.4996426105499268,,,,,,
,0.001,13500,,,,,,,
2,,13519,,1.405627727508545,,,,,
2,,13539,,1.5333396196365356,,,,,
2,,13559,,1.4163923263549805,,,,,
2,,13579,,1.4280203580856323,,,,,
2,,13599,,1.4537204504013062,,,,,
2,,13619,,1.5322457551956177,,,,,
2,,13639,,1.4521143436431885,,,,,
2,,13659,,1.5101984739303589,,,,,
2,,13679,,1.5355587005615234,,,,,
2,,13699,,1.51702082157135,,,,,
2,,13719,,1.4688043594360352,,,,,
2,,13739,,1.4266599416732788,,,,,
2,,13759,,1.3310290575027466,,,,,
2,,13779,,1.490769863128662,,,,,
2,,13799,,1.5067687034606934,,,,,
2,,13819,,1.4550323486328125,,,,,
2,,13839,,1.449101448059082,,,,,
2,,13859,,1.3322457075119019,,,,,
2,,13879,,1.495813012123108,,,,,
2,,13899,,1.5451089143753052,,,,,
2,,13919,,1.4164987802505493,,,,,
2,,13939,,1.4280825853347778,,,,,
2,,13959,,1.3955317735671997,,,,,
2,,13979,,1.3218302726745605,,,,,
2,,13999,,1.4075161218643188,,,,,
2,,14019,,1.4644858837127686,,,,,
2,,14039,,1.3507381677627563,,,,,
2,,14059,,1.4699631929397583,,,,,
2,,14079,,1.4338771104812622,,,,,
2,,14099,,1.3739153146743774,,,,,
2,,14119,,1.3502068519592285,,,,,
2,,14139,,1.4826065301895142,,,,,
2,,14159,,1.5171890258789062,,,,,
2,,14179,,1.4522024393081665,,,,,
2,,14199,,1.596394658088684,,,,,
2,,14219,,1.3279589414596558,,,,,
2,,14239,,1.3853658437728882,,,,,
2,,14259,,1.5333101749420166,,,,,
2,,14279,,1.444766879081726,,,,,
2,,14299,,1.529374122619629,,,,,
2,,14319,,1.4022170305252075,,,,,
2,,14339,,1.3733267784118652,,,,,
2,,14359,,1.4619852304458618,,,,,
2,,14379,,1.521498680114746,,,,,
2,,14399,,1.313360571861267,,,,,
2,,14419,,1.4464126825332642,,,,,
2,,14439,,1.5171045064926147,,,,,
2,,14459,,1.4725432395935059,,,,,
2,,14479,,1.521297812461853,,,,,
2,,14499,,1.5958009958267212,,,,,
2,,14519,,1.5580013990402222,,,,,
2,,14539,,1.4274154901504517,,,,,
2,,14559,,1.3757613897323608,,,,,
2,,14579,,1.4509741067886353,,,,,
2,,14599,,1.2776668071746826,,,,,
2,,14619,,1.4626054763793945,,,,,
2,,14639,,1.490693211555481,,,,,
2,,14659,,1.5648335218429565,,,,,
2,,14679,,1.4560059309005737,,,,,
2,,14699,,1.5622912645339966,,,,,
2,,14719,,1.4522943496704102,,,,,
2,,14739,,1.4332195520401,,,,,
2,,14759,,1.4503154754638672,,,,,
2,,14779,,1.5066932439804077,,,,,
2,,14799,,1.5950860977172852,,,,,
2,,14819,,1.4023312330245972,,,,,
2,,14839,,1.4306284189224243,,,,,
2,,14859,,1.516541838645935,,,,,
2,,14879,,1.467305064201355,,,,,
2,,14899,,1.5368207693099976,,,,,
2,,14919,,1.6074966192245483,,,,,
2,,14939,,1.4936909675598145,,,,,
2,,14959,,1.524509310722351,,,,,
2,,14979,,1.471139907836914,,,,,
2,,14999,,1.5115656852722168,,,,,
2,,15019,,1.5877116918563843,,,,,
2,,15039,,1.5378295183181763,,,,,
2,,15059,,1.5660094022750854,,,,,
2,,15079,,1.4044952392578125,,,,,
2,,15099,,1.4369488954544067,,,,,
2,,15119,,1.4689350128173828,,,,,
2,,15139,,1.5701242685317993,,,,,
2,,15159,,1.5005614757537842,,,,,
2,,15179,,1.4341793060302734,,,,,
2,,15199,,1.5773290395736694,,,,,
2,,15219,,1.4844614267349243,,,,,
2,,15239,,1.3964632749557495,,,,,
2,,15259,,1.5838104486465454,,,,,
2,,15279,,1.339646339416504,,,,,
2,,15299,,1.455130696296692,,,,,
2,,15319,,1.4086509943008423,,,,,
2,,15339,,1.5688539743423462,,,,,
2,,15359,,1.433703064918518,,,,,
2,,15379,,1.5895233154296875,,,,,
2,,15399,,1.4744898080825806,,,,,
2,,15419,,1.6024954319000244,,,,,
2,,15439,,1.3240512609481812,,,,,
2,,15459,,1.4356743097305298,,,,,
2,,15479,,1.6008086204528809,,,,,
2,,15499,,1.495406150817871,,,,,
2,,15519,,1.3890749216079712,,,,,
2,,15539,,1.4450360536575317,,,,,
2,,15559,,1.4993171691894531,,,,,
2,,15579,,1.6688894033432007,,,,,
2,,15599,,1.4052486419677734,,,,,
2,,15619,,1.3578780889511108,,,,,
2,,15639,,1.4813790321350098,,,,,
2,,15659,,1.418808937072754,,,,,
2,,15679,,1.5808953046798706,,,,,
2,,15699,,1.3299660682678223,,,,,
2,,15719,,1.404199242591858,,,,,
2,,15739,,1.3968819379806519,,,,,
2,,15759,,1.5038622617721558,,,,,
2,,15779,,1.3265570402145386,,,,,
2,,15799,,1.513918399810791,,,,,
2,,15819,,1.4790858030319214,,,,,
2,,15839,,1.4812231063842773,,,,,
2,,15859,,1.411907434463501,,,,,
2,,15879,,1.3929589986801147,,,,,
2,,15899,,1.4856746196746826,,,,,
2,,15919,,1.4926972389221191,,,,,
2,,15939,,1.4029121398925781,,,,,
2,,15959,,1.6284769773483276,,,,,
2,,15979,,1.611855149269104,,,,,
2,,15999,,1.636111855506897,,,,,
2,,16019,,1.5291599035263062,,,,,
2,,16039,,1.419930338859558,,,,,
2,,16059,,1.404329776763916,,,,,
2,,16079,,1.5136107206344604,,,,,
2,,16099,,1.4800161123275757,,,,,
2,,16119,,1.4057397842407227,,,,,
2,,16139,,1.5320549011230469,,,,,
2,,16159,,1.4634650945663452,,,,,
2,,16179,,1.4437137842178345,,,,,
2,,16199,,1.4099843502044678,,,,,
2,,16219,,1.588814616203308,,,,,
2,,16239,,1.403607964515686,,,,,
2,,16259,,1.457114577293396,,,,,
2,,16279,,1.452248215675354,,,,,
2,,16299,,1.5318797826766968,,,,,
2,,16319,,1.4256497621536255,,,,,
2,,16339,,1.3073939085006714,,,,,
2,,16359,,1.5166000127792358,,,,,
2,,16379,,1.5379070043563843,,,,,
2,,16399,,1.5477770566940308,,,,,
2,,16419,,1.4359761476516724,,,,,
2,,16439,,1.4756325483322144,,,,,
2,,16459,,1.5589388608932495,,,,,
2,,16479,,1.4954813718795776,,,,,
2,,16499,,1.414526343345642,,,,,
2,,16519,,1.3797050714492798,,,,,
2,,16539,,1.417127251625061,,,,,
2,,16559,,1.3427643775939941,,,,,
2,,16579,,1.4269800186157227,,,,,
2,,16599,,1.5341341495513916,,,,,
2,,16619,,1.493909239768982,,,,,
2,,16639,,1.411612868309021,,,,,
2,,16659,,1.3723841905593872,,,,,
2,,16679,,1.4794870615005493,,,,,
2,,16699,,1.438778281211853,,,,,
2,,16719,,1.3825451135635376,,,,,
2,,16739,,1.4217761754989624,,,,,
2,,16759,,1.4178780317306519,,,,,
2,,16779,,1.505436897277832,,,,,
2,,16799,,1.694737434387207,,,,,
2,,16819,,1.5255190134048462,,,,,
2,,16839,,1.4474256038665771,,,,,
2,,16859,,1.516493320465088,,,,,
2,,16879,,1.4250787496566772,,,,,
2,,16899,,1.4992427825927734,,,,,
2,,16919,,1.432310700416565,,,,,
2,,16939,,1.4867204427719116,,,,,
2,,16959,,1.350260615348816,,,,,
2,,16979,,1.5882681608200073,,,,,
2,,16999,,1.4090920686721802,,,,,
2,,17019,,1.4927175045013428,,,,,
2,,17039,,1.463449239730835,,,,,
2,,17059,,1.3766260147094727,,,,,
2,,17079,,1.3911644220352173,,,,,
2,,17099,,1.3936249017715454,,,,,
2,,17119,,1.5828542709350586,,,,,
2,,17139,,1.3882077932357788,,,,,
2,,17159,,1.4113130569458008,,,,,
2,,17179,,1.3901275396347046,,,,,
2,,17199,,1.425706386566162,,,,,
2,,17219,,1.5022073984146118,,,,,
2,,17239,,1.4146051406860352,,,,,
2,,17259,,1.488682508468628,,,,,
2,,17279,,1.4521945714950562,,,,,
2,,17299,,1.4690076112747192,,,,,
2,,17319,,1.4760719537734985,,,,,
2,,17339,,1.472524642944336,,,,,
2,,17359,,1.5184015035629272,,,,,
2,,17379,,1.5978647470474243,,,,,
2,,17399,,1.5362958908081055,,,,,
2,,17419,,1.3409688472747803,,,,,
2,,17439,,1.5760263204574585,,,,,
2,,17459,,1.4035027027130127,,,,,
2,,17479,,1.497789978981018,,,,,
2,,17499,,1.4451600313186646,,,,,
2,,17519,,1.4814585447311401,,,,,
2,,17539,,1.4147011041641235,,,,,
2,,17559,,1.4949880838394165,,,,,
2,,17579,,1.6061376333236694,,,,,
2,,17599,,1.3922923803329468,,,,,
2,,17619,,1.5427411794662476,,,,,
2,,17639,,1.4310625791549683,,,,,
2,,17659,,1.4500471353530884,,,,,
2,,17679,,1.5738760232925415,,,,,
2,,17699,,1.3394588232040405,,,,,
2,,17719,,1.5541003942489624,,,,,
2,,17739,,1.5083093643188477,,,,,
2,,17759,,1.603196382522583,,,,,
2,,17779,,1.556089997291565,,,,,
2,,17799,,1.4316496849060059,,,,,
2,,17819,,1.2404175996780396,,,,,
2,,17839,,1.5153840780258179,,,,,
2,,17859,,1.3988977670669556,,,,,
2,,17879,,1.45758855342865,,,,,
2,,17899,,1.4121507406234741,,,,,
2,,17919,,1.596879005432129,,,,,
2,,17939,,1.3815827369689941,,,,,
2,,17959,,1.4496631622314453,,,,,
2,,17979,,1.4623208045959473,,,,,
2,,17999,,1.488573670387268,,,,,
2,,18019,,1.508565068244934,,,,,
2,,18039,,1.4628877639770508,,,,,
2,,18059,,1.603969693183899,,,,,
2,,18079,,1.400111198425293,,,,,
2,,18099,,1.5343073606491089,,,,,
2,,18119,,1.428684115409851,,,,,
2,,18139,,1.4772173166275024,,,,,
2,,18159,,1.496086597442627,,,,,
2,,18179,,1.6147289276123047,,,,,
2,,18199,,1.4914931058883667,,,,,
2,,18219,,1.284401774406433,,,,,
2,,18239,,1.4768896102905273,,,,,
2,,18259,,1.4902032613754272,,,,,
2,,18279,,1.5317732095718384,,,,,
2,,18299,,1.488907814025879,,,,,
2,,18319,,1.3512229919433594,,,,,
2,,18339,,1.5213732719421387,,,,,
2,,18359,,1.3333276510238647,,,,,
2,,18379,,1.4629546403884888,,,,,
2,,18399,,1.5065370798110962,,,,,
2,,18419,,1.4645633697509766,,,,,
2,,18439,,1.4410425424575806,,,,,
2,,18459,,1.2988394498825073,,,,,
2,,18479,,1.457886815071106,,,,,
2,,18499,,1.454361915588379,,,,,
2,,18519,,1.4717880487442017,,,,,
2,,18539,,1.5257501602172852,,,,,
2,,18559,,1.5532509088516235,,,,,
2,,18579,,1.3731050491333008,,,,,
2,,18599,,1.5181089639663696,,,,,
2,,18619,,1.5445455312728882,,,,,
2,,18639,,1.523318886756897,,,,,
2,,18659,,1.531082034111023,,,,,
2,,18679,,1.404534935951233,,,,,
2,,18699,,1.519619345664978,,,,,
2,,18719,,1.413041591644287,,,,,
2,,18739,,1.4740790128707886,,,,,
2,,18759,,1.4293155670166016,,,,,
2,,18779,,1.4820064306259155,,,,,
2,,18799,,1.5362030267715454,,,,,
2,,18819,,1.611891746520996,,,,,
2,,18839,,1.3762845993041992,,,,,
2,,18859,,1.460039734840393,,,,,
2,,18879,,1.4003429412841797,,,,,
2,,18899,,1.353787899017334,,,,,
2,,18919,,1.3937476873397827,,,,,
2,,18939,,1.3884124755859375,,,,,
2,,18959,,1.4878138303756714,,,,,
2,,18979,,1.3671176433563232,,,,,
2,,18999,,1.4634419679641724,,,,,
2,,19019,,1.378401756286621,,,,,
2,,19039,,1.3772029876708984,,,,,
2,,19059,,1.4568923711776733,,,,,
2,,19079,,1.5090662240982056,,,,,
2,,19099,,1.419751763343811,,,,,
2,,19119,,1.442966341972351,,,,,
2,,19139,,1.520098090171814,,,,,
2,,19159,,1.4602203369140625,,,,,
2,,19179,,1.506949782371521,,,,,
2,,19199,,1.6007919311523438,,,,,
2,,19219,,1.5099786520004272,,,,,
2,,19239,,1.417949914932251,,,,,
2,,19259,,1.4851588010787964,,,,,
2,,19279,,1.4493407011032104,,,,,
2,,19299,,1.5790562629699707,,,,,
2,,19319,,1.4918489456176758,,,,,
2,,19339,,1.56535804271698,,,,,
2,,19359,,1.538319706916809,,,,,
2,,19379,,1.4516922235488892,,,,,
2,,19399,,1.4914292097091675,,,,,
2,,19419,,1.4244846105575562,,,,,
2,,19439,,1.5339945554733276,,,,,
2,,19459,,1.6204313039779663,,,,,
2,,19479,,1.4264588356018066,,,,,
2,,19499,,1.5348882675170898,,,,,
2,,19519,,1.4407116174697876,,,,,
2,,19539,,1.4462658166885376,,,,,
2,,19559,,1.403247356414795,,,,,
2,,19579,,1.468979001045227,,,,,
2,,19599,,1.4723658561706543,,,,,
2,,19619,,1.5024290084838867,,,,,
2,,19639,,1.6999582052230835,,,,,
2,,19659,,1.3909944295883179,,,,,
2,,19679,,1.4043258428573608,,,,,
2,,19699,,1.3911038637161255,,,,,
2,,19719,,1.4663300514221191,,,,,
2,,19739,,1.2595947980880737,,,,,
2,,19759,,1.4554697275161743,,,,,
2,,19779,,1.5114253759384155,,,,,
2,,19799,,1.5546849966049194,,,,,
2,,19819,,1.3991484642028809,,,,,
2,,19839,,1.5255500078201294,,,,,
2,,19859,,1.464808464050293,,,,,
2,,19879,,1.5930290222167969,,,,,
2,,19899,,1.3897804021835327,,,,,
2,,19919,,1.3719955682754517,,,,,
2,,19939,,1.3651175498962402,,,,,
2,,19959,,1.4203271865844727,,,,,
2,,19979,,1.4471893310546875,,,,,
2,,19999,,1.3769841194152832,,,,,
2,,20019,,1.4725068807601929,,,,,
2,,20039,,1.487744688987732,,,,,
2,,20059,,1.458475112915039,,,,,
2,,20079,,1.4872347116470337,,,,,
2,,20099,,1.4631366729736328,,,,,
2,,20119,,1.399819254875183,,,,,
2,,20139,,1.5160713195800781,,,,,
2,,20159,,1.4256997108459473,,,,,
2,,20179,,1.3234343528747559,,,,,
2,,20199,,1.4648078680038452,,,,,
2,,20219,,1.464447021484375,,,,,
2,,20239,,1.351179838180542,,,,,
2,,20249,,,1.322130560874939,31187930.0,2.724337577819824,1.270047903060913,0.8557823300361633
2,,20249,1.466300368309021,,,,,,
,0.001,20250,,,,,,,
3,,20259,,1.4351754188537598,,,,,
3,,20279,,1.4238361120224,,,,,
3,,20299,,1.5968103408813477,,,,,
3,,20319,,1.4840397834777832,,,,,
3,,20339,,1.4012478590011597,,,,,
3,,20359,,1.4464439153671265,,,,,
3,,20379,,1.5082842111587524,,,,,
3,,20399,,1.4069288969039917,,,,,
3,,20419,,1.57437264919281,,,,,
3,,20439,,1.4477354288101196,,,,,
3,,20459,,1.3659934997558594,,,,,
3,,20479,,1.4322205781936646,,,,,
3,,20499,,1.5054980516433716,,,,,
3,,20519,,1.3593848943710327,,,,,
3,,20539,,1.4625808000564575,,,,,
3,,20559,,1.50387704372406,,,,,
3,,20579,,1.4650287628173828,,,,,
3,,20599,,1.483601450920105,,,,,
3,,20619,,1.420670986175537,,,,,
3,,20639,,1.4852423667907715,,,,,
3,,20659,,1.4155696630477905,,,,,
3,,20679,,1.564715027809143,,,,,
3,,20699,,1.3504146337509155,,,,,
3,,20719,,1.3097933530807495,,,,,
3,,20739,,1.5757955312728882,,,,,
3,,20759,,1.3706669807434082,,,,,
3,,20779,,1.534234642982483,,,,,
3,,20799,,1.5336990356445312,,,,,
3,,20819,,1.4586505889892578,,,,,
3,,20839,,1.4430643320083618,,,,,
3,,20859,,1.3567489385604858,,,,,
3,,20879,,1.4551664590835571,,,,,
3,,20899,,1.3839048147201538,,,,,
3,,20919,,1.46732759475708,,,,,
3,,20939,,1.486864447593689,,,,,
3,,20959,,1.4620580673217773,,,,,
3,,20979,,1.3366270065307617,,,,,
3,,20999,,1.3863273859024048,,,,,
3,,21019,,1.3799824714660645,,,,,
3,,21039,,1.5229378938674927,,,,,
3,,21059,,1.4872980117797852,,,,,
3,,21079,,1.3329346179962158,,,,,
3,,21099,,1.3818193674087524,,,,,
3,,21119,,1.4975045919418335,,,,,
3,,21139,,1.4880379438400269,,,,,
3,,21159,,1.4293832778930664,,,,,
3,,21179,,1.3837171792984009,,,,,
3,,21199,,1.5701183080673218,,,,,
3,,21219,,1.4902985095977783,,,,,
3,,21239,,1.3304826021194458,,,,,
3,,21259,,1.5857070684432983,,,,,
3,,21279,,1.504684567451477,,,,,
3,,21299,,1.5256227254867554,,,,,
3,,21319,,1.4035834074020386,,,,,
3,,21339,,1.4586973190307617,,,,,
3,,21359,,1.516240119934082,,,,,
3,,21379,,1.4928196668624878,,,,,
3,,21399,,1.3225719928741455,,,,,
3,,21419,,1.5776664018630981,,,,,
3,,21439,,1.41576087474823,,,,,
3,,21459,,1.697771668434143,,,,,
3,,21479,,1.3843183517456055,,,,,
3,,21499,,1.5064449310302734,,,,,
3,,21519,,1.508259654045105,,,,,
3,,21539,,1.3960354328155518,,,,,
3,,21559,,1.3698891401290894,,,,,
3,,21579,,1.3988218307495117,,,,,
3,,21599,,1.367267370223999,,,,,
3,,21619,,1.6087695360183716,,,,,
3,,21639,,1.4824738502502441,,,,,
3,,21659,,1.6390231847763062,,,,,
3,,21679,,1.4920612573623657,,,,,
3,,21699,,1.4121097326278687,,,,,
3,,21719,,1.5272594690322876,,,,,
3,,21739,,1.3245599269866943,,,,,
3,,21759,,1.3463267087936401,,,,,
3,,21779,,1.607595682144165,,,,,
3,,21799,,1.4304908514022827,,,,,
3,,21819,,1.533347487449646,,,,,
3,,21839,,1.4449857473373413,,,,,
3,,21859,,1.6219158172607422,,,,,
3,,21879,,1.4499139785766602,,,,,
3,,21899,,1.517809271812439,,,,,
3,,21919,,1.4500652551651,,,,,
3,,21939,,1.4105783700942993,,,,,
3,,21959,,1.4127435684204102,,,,,
3,,21979,,1.5541329383850098,,,,,
3,,21999,,1.3728679418563843,,,,,
3,,22019,,1.4495657682418823,,,,,
3,,22039,,1.4214674234390259,,,,,
3,,22059,,1.3230504989624023,,,,,
3,,22079,,1.365502953529358,,,,,
3,,22099,,1.4065216779708862,,,,,
3,,22119,,1.4863067865371704,,,,,
3,,22139,,1.5970275402069092,,,,,
3,,22159,,1.4892526865005493,,,,,
3,,22179,,1.4056602716445923,,,,,
3,,22199,,1.5647709369659424,,,,,
3,,22219,,1.396498680114746,,,,,
3,,22239,,1.5813326835632324,,,,,
3,,22259,,1.4310067892074585,,,,,
3,,22279,,1.4440475702285767,,,,,
3,,22299,,1.3358938694000244,,,,,
3,,22319,,1.5268696546554565,,,,,
3,,22339,,1.6126594543457031,,,,,
3,,22359,,1.5293813943862915,,,,,
3,,22379,,1.4553686380386353,,,,,
3,,22399,,1.483252763748169,,,,,
3,,22419,,1.5631003379821777,,,,,
3,,22439,,1.4864749908447266,,,,,
3,,22459,,1.3970822095870972,,,,,
3,,22479,,1.3991599082946777,,,,,
3,,22499,,1.3537139892578125,,,,,
3,,22519,,1.4625698328018188,,,,,
3,,22539,,1.5388675928115845,,,,,
3,,22559,,1.4423370361328125,,,,,
3,,22579,,1.4657189846038818,,,,,
3,,22599,,1.5886610746383667,,,,,
3,,22619,,1.3711820840835571,,,,,
3,,22639,,1.5272001028060913,,,,,
3,,22659,,1.3504451513290405,,,,,
3,,22679,,1.5540860891342163,,,,,
3,,22699,,1.495560884475708,,,,,
3,,22719,,1.499099612236023,,,,,
3,,22739,,1.3823035955429077,,,,,
3,,22759,,1.4374125003814697,,,,,
3,,22779,,1.2745780944824219,,,,,
3,,22799,,1.3089135885238647,,,,,
3,,22819,,1.5331271886825562,,,,,
3,,22839,,1.2610632181167603,,,,,
3,,22859,,1.4311443567276,,,,,
3,,22879,,1.3623872995376587,,,,,
3,,22899,,1.4810243844985962,,,,,
3,,22919,,1.508057951927185,,,,,
3,,22939,,1.4806820154190063,,,,,
3,,22959,,1.4607677459716797,,,,,
3,,22979,,1.4493454694747925,,,,,
3,,22999,,1.4854100942611694,,,,,
3,,23019,,1.2847715616226196,,,,,
3,,23039,,1.415216088294983,,,,,
3,,23059,,1.4439104795455933,,,,,
3,,23079,,1.5285205841064453,,,,,
3,,23099,,1.4016746282577515,,,,,
3,,23119,,1.4924885034561157,,,,,
3,,23139,,1.3973665237426758,,,,,
3,,23159,,1.4796407222747803,,,,,
3,,23179,,1.3622630834579468,,,,,
3,,23199,,1.6462997198104858,,,,,
3,,23219,,1.4906362295150757,,,,,
3,,23239,,1.4881677627563477,,,,,
3,,23259,,1.4808744192123413,,,,,
3,,23279,,1.5008589029312134,,,,,
3,,23299,,1.383694052696228,,,,,
3,,23319,,1.546200156211853,,,,,
3,,23339,,1.4379321336746216,,,,,
3,,23359,,1.4570268392562866,,,,,
3,,23379,,1.4301437139511108,,,,,
3,,23399,,1.4684950113296509,,,,,
3,,23419,,1.4201459884643555,,,,,
3,,23439,,1.4633115530014038,,,,,
3,,23459,,1.3732761144638062,,,,,
3,,23479,,1.411274790763855,,,,,
3,,23499,,1.554491400718689,,,,,
3,,23519,,1.320988655090332,,,,,
3,,23539,,1.3616634607315063,,,,,
3,,23559,,1.443830132484436,,,,,
3,,23579,,1.3885644674301147,,,,,
3,,23599,,1.4676331281661987,,,,,
3,,23619,,1.5439338684082031,,,,,
3,,23639,,1.4111043214797974,,,,,
3,,23659,,1.3441399335861206,,,,,
3,,23679,,1.3936353921890259,,,,,
3,,23699,,1.3900431394577026,,,,,
3,,23719,,1.5551360845565796,,,,,
3,,23739,,1.3207939863204956,,,,,
3,,23759,,1.36858332157135,,,,,
3,,23779,,1.511907935142517,,,,,
3,,23799,,1.467140793800354,,,,,
3,,23819,,1.422587275505066,,,,,
3,,23839,,1.444546103477478,,,,,
3,,23859,,1.3884894847869873,,,,,
3,,23879,,1.3293862342834473,,,,,
3,,23899,,1.690077543258667,,,,,
3,,23919,,1.433465600013733,,,,,
3,,23939,,1.4717812538146973,,,,,
3,,23959,,1.5094057321548462,,,,,
3,,23979,,1.4665064811706543,,,,,
3,,23999,,1.4773708581924438,,,,,
3,,24019,,1.4912010431289673,,,,,
3,,24039,,1.548022747039795,,,,,
3,,24059,,1.504700779914856,,,,,
3,,24079,,1.4262956380844116,,,,,
3,,24099,,1.3340070247650146,,,,,
3,,24119,,1.5273994207382202,,,,,
3,,24139,,1.5786374807357788,,,,,
3,,24159,,1.452384114265442,,,,,
3,,24179,,1.3627289533615112,,,,,
3,,24199,,1.4636385440826416,,,,,
3,,24219,,1.474819302558899,,,,,
3,,24239,,1.4669829607009888,,,,,
3,,24259,,1.66302490234375,,,,,
3,,24279,,1.3989940881729126,,,,,
3,,24299,,1.4290318489074707,,,,,
3,,24319,,1.436198353767395,,,,,
3,,24339,,1.5280653238296509,,,,,
3,,24359,,1.465912938117981,,,,,
3,,24379,,1.4261281490325928,,,,,
3,,24399,,1.4210543632507324,,,,,
3,,24419,,1.4243844747543335,,,,,
3,,24439,,1.1913784742355347,,,,,
3,,24459,,1.4327336549758911,,,,,
3,,24479,,1.42388117313385,,,,,
3,,24499,,1.4673538208007812,,,,,
3,,24519,,1.5410456657409668,,,,,
3,,24539,,1.4217685461044312,,,,,
3,,24559,,1.432992935180664,,,,,
3,,24579,,1.431048035621643,,,,,
3,,24599,,1.3842130899429321,,,,,
3,,24619,,1.3798598051071167,,,,,
3,,24639,,1.481061577796936,,,,,
3,,24659,,1.4284496307373047,,,,,
3,,24679,,1.4287173748016357,,,,,
3,,24699,,1.3879376649856567,,,,,
3,,24719,,1.663245677947998,,,,,
3,,24739,,1.4673528671264648,,,,,
3,,24759,,1.5010290145874023,,,,,
3,,24779,,1.456363320350647,,,,,
3,,24799,,1.474446415901184,,,,,
3,,24819,,1.5421055555343628,,,,,
3,,24839,,1.467761516571045,,,,,
3,,24859,,1.5006963014602661,,,,,
3,,24879,,1.438185453414917,,,,,
3,,24899,,1.4437943696975708,,,,,
3,,24919,,1.3854840993881226,,,,,
3,,24939,,1.3758728504180908,,,,,
3,,24959,,1.430181622505188,,,,,
3,,24979,,1.422528624534607,,,,,
3,,24999,,1.3701519966125488,,,,,
3,,25019,,1.4553189277648926,,,,,
3,,25039,,1.484176516532898,,,,,
3,,25059,,1.3789132833480835,,,,,
3,,25079,,1.3543866872787476,,,,,
3,,25099,,1.302831768989563,,,,,
3,,25119,,1.4117151498794556,,,,,
3,,25139,,1.2851570844650269,,,,,
3,,25159,,1.3202515840530396,,,,,
3,,25179,,1.3439016342163086,,,,,
3,,25199,,1.4849750995635986,,,,,
3,,25219,,1.4861475229263306,,,,,
3,,25239,,1.4112739562988281,,,,,
3,,25259,,1.2959932088851929,,,,,
3,,25279,,1.4310753345489502,,,,,
3,,25299,,1.5261844396591187,,,,,
3,,25319,,1.4607329368591309,,,,,
3,,25339,,1.6087912321090698,,,,,
3,,25359,,1.396675705909729,,,,,
3,,25379,,1.4228594303131104,,,,,
3,,25399,,1.5092202425003052,,,,,
3,,25419,,1.2787190675735474,,,,,
3,,25439,,1.3305439949035645,,,,,
3,,25459,,1.5283411741256714,,,,,
3,,25479,,1.3121296167373657,,,,,
3,,25499,,1.5144259929656982,,,,,
3,,25519,,1.476462960243225,,,,,
3,,25539,,1.3705177307128906,,,,,
3,,25559,,1.4535372257232666,,,,,
3,,25579,,1.3878741264343262,,,,,
3,,25599,,1.4289602041244507,,,,,
3,,25619,,1.5155038833618164,,,,,
3,,25639,,1.5951452255249023,,,,,
3,,25659,,1.4483741521835327,,,,,
3,,25679,,1.4184575080871582,,,,,
3,,25699,,1.4409456253051758,,,,,
3,,25719,,1.4833126068115234,,,,,
3,,25739,,1.3829447031021118,,,,,
3,,25759,,1.4494154453277588,,,,,
3,,25779,,1.4974526166915894,,,,,
3,,25799,,1.421945571899414,,,,,
3,,25819,,1.3915824890136719,,,,,
3,,25839,,1.4998207092285156,,,,,
3,,25859,,1.375711441040039,,,,,
3,,25879,,1.5197151899337769,,,,,
3,,25899,,1.4753427505493164,,,,,
3,,25919,,1.4080289602279663,,,,,
3,,25939,,1.5051355361938477,,,,,
3,,25959,,1.61505126953125,,,,,
3,,25979,,1.4577378034591675,,,,,
3,,25999,,1.3987942934036255,,,,,
3,,26019,,1.4304853677749634,,,,,
3,,26039,,1.4060115814208984,,,,,
3,,26059,,1.3026703596115112,,,,,
3,,26079,,1.4027751684188843,,,,,
3,,26099,,1.4943300485610962,,,,,
3,,26119,,1.4013500213623047,,,,,
3,,26139,,1.5104485750198364,,,,,
3,,26159,,1.3339996337890625,,,,,
3,,26179,,1.370581865310669,,,,,
3,,26199,,1.3991447687149048,,,,,
3,,26219,,1.5232559442520142,,,,,
3,,26239,,1.5459591150283813,,,,,
3,,26259,,1.4266961812973022,,,,,
3,,26279,,1.5239923000335693,,,,,
3,,26299,,1.3931111097335815,,,,,
3,,26319,,1.4629467725753784,,,,,
3,,26339,,1.4551564455032349,,,,,
3,,26359,,1.428773283958435,,,,,
3,,26379,,1.3328895568847656,,,,,
3,,26399,,1.4027355909347534,,,,,
3,,26419,,1.4801898002624512,,,,,
3,,26439,,1.4234598875045776,,,,,
3,,26459,,1.4269371032714844,,,,,
3,,26479,,1.5421470403671265,,,,,
3,,26499,,1.5153225660324097,,,,,
3,,26519,,1.5141487121582031,,,,,
3,,26539,,1.425837516784668,,,,,
3,,26559,,1.4621244668960571,,,,,
3,,26579,,1.3816581964492798,,,,,
3,,26599,,1.4367138147354126,,,,,
3,,26619,,1.3696649074554443,,,,,
3,,26639,,1.4266376495361328,,,,,
3,,26659,,1.4864212274551392,,,,,
3,,26679,,1.5739063024520874,,,,,
3,,26699,,1.3599599599838257,,,,,
3,,26719,,1.4440358877182007,,,,,
3,,26739,,1.4886903762817383,,,,,
3,,26759,,1.6714509725570679,,,,,
3,,26779,,1.4305177927017212,,,,,
3,,26799,,1.3970643281936646,,,,,
3,,26819,,1.3571137189865112,,,,,
3,,26839,,1.395645260810852,,,,,
3,,26859,,1.4218544960021973,,,,,
3,,26879,,1.4177896976470947,,,,,
3,,26899,,1.4768848419189453,,,,,
3,,26919,,1.4247713088989258,,,,,
3,,26939,,1.426015019416809,,,,,
3,,26959,,1.4503074884414673,,,,,
3,,26979,,1.4378615617752075,,,,,
3,,26999,,1.5460935831069946,,,,,
3,,26999,,,1.2718358039855957,20637824.0,2.829176902770996,0.9781381487846375,0.8230589032173157
3,,26999,1.4484190940856934,,,,,,
,0.001,27000,,,,,,,
4,,27019,,1.4378587007522583,,,,,
4,,27039,,1.38821542263031,,,,,
4,,27059,,1.4558957815170288,,,,,
4,,27079,,1.439825415611267,,,,,
4,,27099,,1.4365507364273071,,,,,
4,,27119,,1.684340000152588,,,,,
4,,27139,,1.4979238510131836,,,,,
4,,27159,,1.3933734893798828,,,,,
4,,27179,,1.3295291662216187,,,,,
4,,27199,,1.4388059377670288,,,,,
4,,27219,,1.4559952020645142,,,,,
4,,27239,,1.4527487754821777,,,,,
4,,27259,,1.376853108406067,,,,,
4,,27279,,1.4619293212890625,,,,,
4,,27299,,1.4849810600280762,,,,,
4,,27319,,1.4434999227523804,,,,,
4,,27339,,1.4921741485595703,,,,,
4,,27359,,1.463541865348816,,,,,
4,,27379,,1.4994255304336548,,,,,
4,,27399,,1.4259101152420044,,,,,
4,,27419,,1.507003903388977,,,,,
4,,27439,,1.3930240869522095,,,,,
4,,27459,,1.4914665222167969,,,,,
4,,27479,,1.4363689422607422,,,,,
4,,27499,,1.584567666053772,,,,,
4,,27519,,1.4374008178710938,,,,,
4,,27539,,1.3364028930664062,,,,,
4,,27559,,1.3491414785385132,,,,,
4,,27579,,1.4835134744644165,,,,,
4,,27599,,1.492889404296875,,,,,
4,,27619,,1.3886566162109375,,,,,
4,,27639,,1.515153408050537,,,,,
4,,27659,,1.3450475931167603,,,,,
4,,27679,,1.5698599815368652,,,,,
4,,27699,,1.3480604887008667,,,,,
4,,27719,,1.488176941871643,,,,,
4,,27739,,1.4682939052581787,,,,,
4,,27759,,1.3188356161117554,,,,,
4,,27779,,1.4038149118423462,,,,,
4,,27799,,1.4706236124038696,,,,,
4,,27819,,1.3328924179077148,,,,,
4,,27839,,1.4608484506607056,,,,,
4,,27859,,1.3477541208267212,,,,,
4,,27879,,1.508888840675354,,,,,
4,,27899,,1.482346534729004,,,,,
4,,27919,,1.4735097885131836,,,,,
4,,27939,,1.3143006563186646,,,,,
4,,27959,,1.354838252067566,,,,,
4,,27979,,1.5595232248306274,,,,,
4,,27999,,1.441789984703064,,,,,
4,,28019,,1.3637531995773315,,,,,
4,,28039,,1.4246402978897095,,,,,
4,,28059,,1.477907419204712,,,,,
4,,28079,,1.4598302841186523,,,,,
4,,28099,,1.3662344217300415,,,,,
4,,28119,,1.3389923572540283,,,,,
4,,28139,,1.3404266834259033,,,,,
4,,28159,,1.3682650327682495,,,,,
4,,28179,,1.429909348487854,,,,,
4,,28199,,1.4503002166748047,,,,,
4,,28219,,1.458357810974121,,,,,
4,,28239,,1.4225435256958008,,,,,
4,,28259,,1.3221198320388794,,,,,
4,,28279,,1.4524606466293335,,,,,
4,,28299,,1.5049552917480469,,,,,
4,,28319,,1.3834816217422485,,,,,
4,,28339,,1.4048309326171875,,,,,
4,,28359,,1.4211292266845703,,,,,
4,,28379,,1.3669074773788452,,,,,
4,,28399,,1.4436053037643433,,,,,
4,,28419,,1.434274673461914,,,,,
4,,28439,,1.4750820398330688,,,,,
4,,28459,,1.51287841796875,,,,,
4,,28479,,1.3284016847610474,,,,,
4,,28499,,1.3795188665390015,,,,,
4,,28519,,1.439287781715393,,,,,
4,,28539,,1.3779296875,,,,,
4,,28559,,1.5597208738327026,,,,,
4,,28579,,1.544651985168457,,,,,
4,,28599,,1.560219168663025,,,,,
4,,28619,,1.392392635345459,,,,,
4,,28639,,1.4231798648834229,,,,,
4,,28659,,1.4191031455993652,,,,,
4,,28679,,1.4751304388046265,,,,,
4,,28699,,1.3813884258270264,,,,,
4,,28719,,1.4967107772827148,,,,,
4,,28739,,1.3316563367843628,,,,,
4,,28759,,1.5236883163452148,,,,,
4,,28779,,1.4134916067123413,,,,,
4,,28799,,1.4922393560409546,,,,,
4,,28819,,1.3958591222763062,,,,,
4,,28839,,1.5110057592391968,,,,,
4,,28859,,1.5279150009155273,,,,,
4,,28879,,1.4198904037475586,,,,,
4,,28899,,1.4043817520141602,,,,,
4,,28919,,1.5251307487487793,,,,,
4,,28939,,1.5397868156433105,,,,,
4,,28959,,1.4823763370513916,,,,,
4,,28979,,1.2961628437042236,,,,,
4,,28999,,1.511001467704773,,,,,
4,,29019,,1.4312474727630615,,,,,
4,,29039,,1.4020320177078247,,,,,
4,,29059,,1.3962798118591309,,,,,
4,,29079,,1.436602234840393,,,,,
4,,29099,,1.415697455406189,,,,,
4,,29119,,1.4133868217468262,,,,,
4,,29139,,1.4011873006820679,,,,,
4,,29159,,1.3742321729660034,,,,,
4,,29179,,1.3695138692855835,,,,,
4,,29199,,1.4497504234313965,,,,,
4,,29219,,1.4866142272949219,,,,,
4,,29239,,1.5149866342544556,,,,,
4,,29259,,1.4702253341674805,,,,,
4,,29279,,1.3698571920394897,,,,,
4,,29299,,1.5053514242172241,,,,,
4,,29319,,1.5216203927993774,,,,,
4,,29339,,1.4005494117736816,,,,,
4,,29359,,1.2350172996520996,,,,,
4,,29379,,1.3137826919555664,,,,,
4,,29399,,1.5358562469482422,,,,,
4,,29419,,1.425416350364685,,,,,
4,,29439,,1.39337158203125,,,,,
4,,29459,,1.496877670288086,,,,,
4,,29479,,1.388850212097168,,,,,
4,,29499,,1.560530662536621,,,,,
4,,29519,,1.4160417318344116,,,,,
4,,29539,,1.4402498006820679,,,,,
4,,29559,,1.4644622802734375,,,,,
4,,29579,,1.4400564432144165,,,,,
4,,29599,,1.369470477104187,,,,,
4,,29619,,1.4428209066390991,,,,,
4,,29639,,1.4037224054336548,,,,,
4,,29659,,1.4818000793457031,,,,,
4,,29679,,1.5319801568984985,,,,,
4,,29699,,1.5127367973327637,,,,,
4,,29719,,1.512583613395691,,,,,
4,,29739,,1.3924566507339478,,,,,
4,,29759,,1.483053207397461,,,,,
4,,29779,,1.3322778940200806,,,,,
4,,29799,,1.2831039428710938,,,,,
4,,29819,,1.4366093873977661,,,,,
4,,29839,,1.3983746767044067,,,,,
4,,29859,,1.337548851966858,,,,,
4,,29879,,1.4163179397583008,,,,,
4,,29899,,1.4728317260742188,,,,,
4,,29919,,1.5538402795791626,,,,,
4,,29939,,1.4359952211380005,,,,,
4,,29959,,1.476186990737915,,,,,
4,,29979,,1.3711003065109253,,,,,
4,,29999,,1.4196653366088867,,,,,
4,,30019,,1.4815188646316528,,,,,
4,,30039,,1.3514090776443481,,,,,
4,,30059,,1.4349690675735474,,,,,
4,,30079,,1.4326457977294922,,,,,
4,,30099,,1.2990494966506958,,,,,
4,,30119,,1.450878620147705,,,,,
4,,30139,,1.4399770498275757,,,,,
4,,30159,,1.4604283571243286,,,,,
4,,30179,,1.5183595418930054,,,,,
4,,30199,,1.5017118453979492,,,,,
4,,30219,,1.4917558431625366,,,,,
4,,30239,,1.3057352304458618,,,,,
4,,30259,,1.3838297128677368,,,,,
4,,30279,,1.4510771036148071,,,,,
4,,30299,,1.5071635246276855,,,,,
4,,30319,,1.3933823108673096,,,,,
4,,30339,,1.5008608102798462,,,,,
4,,30359,,1.588182806968689,,,,,
4,,30379,,1.3403459787368774,,,,,
4,,30399,,1.387231469154358,,,,,
4,,30419,,1.4359833002090454,,,,,
4,,30439,,1.6789603233337402,,,,,
4,,30459,,1.6886537075042725,,,,,
4,,30479,,1.3762388229370117,,,,,
4,,30499,,1.591945767402649,,,,,
4,,30519,,1.4433878660202026,,,,,
4,,30539,,1.4706329107284546,,,,,
4,,30559,,1.3755083084106445,,,,,
4,,30579,,1.4957889318466187,,,,,
4,,30599,,1.3503068685531616,,,,,
4,,30619,,1.4703034162521362,,,,,
4,,30639,,1.3943275213241577,,,,,
4,,30659,,1.4096664190292358,,,,,
4,,30679,,1.454360008239746,,,,,
4,,30699,,1.3632785081863403,,,,,
4,,30719,,1.433836579322815,,,,,
4,,30739,,1.4746636152267456,,,,,
4,,30759,,1.5213966369628906,,,,,
4,,30779,,1.3677678108215332,,,,,
4,,30799,,1.3924925327301025,,,,,
4,,30819,,1.4235776662826538,,,,,
4,,30839,,1.329635739326477,,,,,
4,,30859,,1.4530795812606812,,,,,
4,,30879,,1.290576457977295,,,,,
4,,30899,,1.449601173400879,,,,,
4,,30919,,1.4738647937774658,,,,,
4,,30939,,1.4646543264389038,,,,,
4,,30959,,1.552337408065796,,,,,
4,,30979,,1.565026879310608,,,,,
4,,30999,,1.4946504831314087,,,,,
4,,31019,,1.4265689849853516,,,,,
4,,31039,,1.3851593732833862,,,,,
4,,31059,,1.5615415573120117,,,,,
4,,31079,,1.3255802392959595,,,,,
4,,31099,,1.5698708295822144,,,,,
4,,31119,,1.3963522911071777,,,,,
4,,31139,,1.325905680656433,,,,,
4,,31159,,1.5041552782058716,,,,,
4,,31179,,1.4742461442947388,,,,,
4,,31199,,1.3990105390548706,,,,,
4,,31219,,1.4417140483856201,,,,,
4,,31239,,1.4129819869995117,,,,,
4,,31259,,1.428510308265686,,,,,
4,,31279,,1.4333502054214478,,,,,
4,,31299,,1.4638959169387817,,,,,
4,,31319,,1.4805474281311035,,,,,
4,,31339,,1.3977235555648804,,,,,
4,,31359,,1.3960565328598022,,,,,
4,,31379,,1.516663670539856,,,,,
4,,31399,,1.299107551574707,,,,,
4,,31419,,1.4459953308105469,,,,,
4,,31439,,1.3264387845993042,,,,,
4,,31459,,1.4157084226608276,,,,,
4,,31479,,1.4119982719421387,,,,,
4,,31499,,1.5111440420150757,,,,,
4,,31519,,1.5229134559631348,,,,,
4,,31539,,1.3998924493789673,,,,,
4,,31559,,1.4316343069076538,,,,,
4,,31579,,1.411301612854004,,,,,
4,,31599,,1.3774198293685913,,,,,
4,,31619,,1.411965012550354,,,,,
4,,31639,,1.398305058479309,,,,,
4,,31659,,1.4510893821716309,,,,,
4,,31679,,1.478427529335022,,,,,
4,,31699,,1.4731117486953735,,,,,
4,,31719,,1.4103411436080933,,,,,
4,,31739,,1.3666633367538452,,,,,
4,,31759,,1.5801591873168945,,,,,
4,,31779,,1.407300353050232,,,,,
4,,31799,,1.5477079153060913,,,,,
4,,31819,,1.4629629850387573,,,,,
4,,31839,,1.4732418060302734,,,,,
4,,31859,,1.5104840993881226,,,,,
4,,31879,,1.2981230020523071,,,,,
4,,31899,,1.4350248575210571,,,,,
4,,31919,,1.577832818031311,,,,,
4,,31939,,1.4372400045394897,,,,,
4,,31959,,1.2966614961624146,,,,,
4,,31979,,1.550973892211914,,,,,
4,,31999,,1.4508427381515503,,,,,
4,,32019,,1.3924099206924438,,,,,
4,,32039,,1.4765028953552246,,,,,
4,,32059,,1.388896107673645,,,,,
4,,32079,,1.61483895778656,,,,,
4,,32099,,1.551790714263916,,,,,
4,,32119,,1.5582398176193237,,,,,
4,,32139,,1.4939171075820923,,,,,
4,,32159,,1.4058972597122192,,,,,
4,,32179,,1.4416927099227905,,,,,
4,,32199,,1.5184526443481445,,,,,
4,,32219,,1.4262620210647583,,,,,
4,,32239,,1.4256709814071655,,,,,
4,,32259,,1.3151484727859497,,,,,
4,,32279,,1.447326898574829,,,,,
4,,32299,,1.2968138456344604,,,,,
4,,32319,,1.3672395944595337,,,,,
4,,32339,,1.419844627380371,,,,,
4,,32359,,1.5736637115478516,,,,,
4,,32379,,1.4017254114151,,,,,
4,,32399,,1.5697745084762573,,,,,
4,,32419,,1.4383020401000977,,,,,
4,,32439,,1.3761444091796875,,,,,
4,,32459,,1.4734916687011719,,,,,
4,,32479,,1.4912519454956055,,,,,
4,,32499,,1.4519438743591309,,,,,
4,,32519,,1.3844983577728271,,,,,
4,,32539,,1.2964286804199219,,,,,
4,,32559,,1.410638451576233,,,,,
4,,32579,,1.5362557172775269,,,,,
4,,32599,,1.4197314977645874,,,,,
4,,32619,,1.490580677986145,,,,,
4,,32639,,1.4427334070205688,,,,,
4,,32659,,1.3971902132034302,,,,,
4,,32679,,1.4211148023605347,,,,,
4,,32699,,1.4228988885879517,,,,,
4,,32719,,1.4202518463134766,,,,,
4,,32739,,1.4011605978012085,,,,,
4,,32759,,1.3095176219940186,,,,,
4,,32779,,1.3918670415878296,,,,,
4,,32799,,1.5568956136703491,,,,,
4,,32819,,1.3539167642593384,,,,,
4,,32839,,1.4536978006362915,,,,,
4,,32859,,1.419969916343689,,,,,
4,,32879,,1.4069350957870483,,,,,
4,,32899,,1.4428609609603882,,,,,
4,,32919,,1.360981822013855,,,,,
4,,32939,,1.5137486457824707,,,,,
4,,32959,,1.50444757938385,,,,,
4,,32979,,1.353806972503662,,,,,
4,,32999,,1.4244627952575684,,,,,
4,,33019,,1.3919655084609985,,,,,
4,,33039,,1.3684111833572388,,,,,
4,,33059,,1.3865904808044434,,,,,
4,,33079,,1.410483717918396,,,,,
4,,33099,,1.4572826623916626,,,,,
4,,33119,,1.3650388717651367,,,,,
4,,33139,,1.447251319885254,,,,,
4,,33159,,1.5515179634094238,,,,,
4,,33179,,1.4710639715194702,,,,,
4,,33199,,1.3827565908432007,,,,,
4,,33219,,1.4834452867507935,,,,,
4,,33239,,1.5058518648147583,,,,,
4,,33259,,1.5075896978378296,,,,,
4,,33279,,1.4423900842666626,,,,,
4,,33299,,1.3522764444351196,,,,,
4,,33319,,1.3321985006332397,,,,,
4,,33339,,1.3884614706039429,,,,,
4,,33359,,1.4307652711868286,,,,,
4,,33379,,1.4857350587844849,,,,,
4,,33399,,1.353458046913147,,,,,
4,,33419,,1.5489675998687744,,,,,
4,,33439,,1.515731930732727,,,,,
4,,33459,,1.4180854558944702,,,,,
4,,33479,,1.515848159790039,,,,,
4,,33499,,1.5225112438201904,,,,,
4,,33519,,1.3989601135253906,,,,,
4,,33539,,1.5088367462158203,,,,,
4,,33559,,1.2989333868026733,,,,,
4,,33579,,1.625134825706482,,,,,
4,,33599,,1.3966270685195923,,,,,
4,,33619,,1.4581003189086914,,,,,
4,,33639,,1.427101731300354,,,,,
4,,33659,,1.3822742700576782,,,,,
4,,33679,,1.393921136856079,,,,,
4,,33699,,1.3261724710464478,,,,,
4,,33719,,1.4588521718978882,,,,,
4,,33739,,1.3986324071884155,,,,,
4,,33749,,,1.2165592908859253,24981704.0,2.6532950401306152,0.8769844174385071,0.7780826091766357
4,,33749,1.4357846975326538,,,,,,
