station_id,actual_mean,predicted_mean,mae,bias,interval_width,coverage,station_lat,station_lng,val_mean,val_sum
3651.04,1.6666666666666667,0.6678751043752224,0.9988331638208668,-0.9987915622914443,2.4913543820894497,0.6666666666666666,40.661064,-73.979454,2.3988094,403.0
4395.07,1.1666666666666667,0.5733109730887614,0.9160109428194119,-0.5933556935779052,2.318304979240755,0.6666666666666666,40.685066,-73.977905,2.6011906,437.0
5001.08,0.0,0.00026116867051465914,0.00026116867051465914,0.00026116867051465914,0.7690400293019438,0.0,40.705692,-74.01678,1.6369047,275.0
5125.03,0.3333333333333333,0.063657547050146,0.2716794601037691,-0.26967578628318734,1.4923563053928273,0.3333333333333333,40.71045,-73.96088,1.9702381,331.0
5184.08,0.3333333333333333,0.0006111005071235039,0.3339438524223423,-0.33272223282620983,1.5265306362981474,0.0,40.711445,-74.01485,2.8690476,482.0
5204.05,1.0,0.28294456404122076,0.850710664209449,-0.7170554359587792,1.6925248727542292,0.3333333333333333,40.71286,-73.965904,2.0952382,352.0
5207.01,0.8333333333333334,0.0010350363709979622,0.8337655943345604,-0.8322982969623354,1.4902229347774316,0.16666666666666666,40.712734,-74.00461,3.1309524,526.0
5216.06,0.6666666666666666,0.07882246385922069,0.5880473309969906,-0.587844202807446,1.2859236831416598,0.3333333333333333,40.71222,-74.010475,2.357143,396.0
5235.05,0.5,0.3804010537423892,0.6959125045347415,-0.1195989462576108,1.755280023234718,0.16666666666666666,40.712605,-73.96265,1.6785715,282.0
5294.04,0.5,0.32287745889819536,0.2741222179902252,-0.17712254110180461,1.7455264817350553,0.3333333333333333,40.71421,-73.981094,3.297619,554.0
5297.02,0.16666666666666666,0.07766620260865469,0.24432178382153857,-0.08900046405801199,1.104318602012743,0.0,40.71534,-74.01659,2.0952382,352.0
5303.06,1.8333333333333333,0.587461915854874,1.2461285008254588,-1.2458714174784593,2.069233465042871,0.3333333333333333,40.715595,-73.98703,4.3154764,725.0
5303.08,2.5,0.929893532874606,1.5702291259367485,-1.5701064671253941,3.1160184749927944,0.6666666666666666,40.714275,-73.9899,3.4642856,582.0
5308.04,1.0,0.44243691116935224,0.9162133274015408,-0.5575630888306478,2.0424186364496726,0.5,40.715347,-73.96024,2.452381,412.0
5329.03,0.0,2.319402708591194e-15,2.319402708591194e-15,2.319402708591194e-15,1.474506168044074e-09,0.0,40.71755,-74.01322,2.9940476,503.0
5342.10,2.0,0.5090047225457965,1.491040132457177,-1.4909952774542035,2.306113140765111,0.5,40.716057,-73.991905,2.1785715,366.0
5348.02,0.6666666666666666,0.2792127657191183,0.3875817386563843,-0.3874539009475484,1.7084103480492026,0.5,40.71689,-73.963196,2.2916667,385.0
5374.01,1.6666666666666667,1.1759570081048878,0.9920984467850454,-0.4907096585617789,3.302774826457835,0.8333333333333334,40.717228,-73.98802,3.2857144,552.0
5379.10,0.6666666666666666,0.46462247876115725,0.5380201184367858,-0.2020441879055094,2.1693214821245306,0.3333333333333333,40.717453,-73.95851,2.5714285,432.0
5382.06,2.3333333333333335,0.8901989197264205,1.5130799295567765,-1.4431344136069129,2.949956157612037,0.5,40.718822,-73.99596,4.0238094,676.0
5382.07,1.6666666666666667,0.5405131266458435,1.2296131366547343,-1.1261535400208231,2.4090556365624614,0.8333333333333334,40.717796,-73.993164,3.5714285,600.0
5414.06,0.6666666666666666,0.4120032560628412,0.5510564815801141,-0.25466341060382547,2.1073141067525967,0.16666666666666666,40.720196,-73.989975,2.4166667,406.0
5445.02,0.3333333333333333,0.3708579557399692,0.3657118595898889,0.0375246224066359,1.8710285007715015,0.3333333333333333,40.720665,-73.985176,2.5833333,434.0
5470.12,0.0,0.015582716240267894,0.015582716240267894,0.015582716240267894,0.6064673695541525,0.0,40.720196,-74.0103,1.875,315.0
5476.03,0.8333333333333334,0.450710997756687,0.986247541688499,-0.3826223355766463,2.016735940435448,0.16666666666666666,40.720875,-73.98086,2.0654762,347.0
5484.09,0.6666666666666666,0.6015234109460531,0.7142064687310873,-0.06514325572061352,2.3317313479093023,0.3333333333333333,40.722054,-73.98911,2.6190476,440.0
5489.03,0.0,1.5325499250004823e-10,1.5325499250004823e-10,1.5325499250004823e-10,2.213235248687185e-06,0.0,40.720367,-73.96165,1.9285715,324.0
5492.05,2.0,0.5373211515258541,1.6185837686067923,-1.4626788484741458,2.425327786681347,0.3333333333333333,40.722103,-73.997246,3.8630953,649.0
5515.02,1.1666666666666667,0.5011001578980844,1.068940803208534,-0.6655665087685824,2.2538083554466937,0.5,40.722176,-73.98369,2.5654762,431.0
5523.02,0.16666666666666666,0.3635570179030765,0.3408790797596642,0.19689035123640983,1.8302991370914583,0.16666666666666666,40.722294,-73.99148,1.7261904,290.0
5553.10,1.3333333333333333,0.7341462333303449,0.8057624539433164,-0.5991871000029884,2.579520510798526,0.8333333333333334,40.723076,-73.98584,2.5952382,436.0
5561.04,1.1666666666666667,0.36252616133424453,1.0641489720728714,-0.8041405053324221,1.8611580069241047,0.3333333333333333,40.72318,-73.9948,2.1130953,355.0
5561.06,0.0,3.7463211884886833e-16,3.7463211884886833e-16,3.7463211884886833e-16,2.958921975935311e-14,0.0,40.72456,-73.99565,2.047619,344.0
5593.01,1.5,0.8841483085416257,0.7864051098003983,-0.6158516914583743,2.953793116410528,0.6666666666666666,40.723354,-73.98865,2.8869047,485.0
5593.04,2.5,0.9588956156997787,1.5428046305605676,-1.5411043843002215,3.023679273543318,0.3333333333333333,40.72628,-73.98978,2.5059524,421.0
5610.09,0.8333333333333334,0.3202783447292556,0.7848738351749489,-0.5130549886040777,1.805164912410002,0.3333333333333333,40.72431,-74.00473,1.9761904,332.0
5626.07,0.5,1.0772844085392232,0.9102377257077023,0.5772844085392231,3.3288587177889895,0.5,40.72622,-73.983795,2.625,441.0
5626.15,1.1666666666666667,0.8876390104996972,1.6235994196225267,-0.2790276561669695,2.960357382821144,0.0,40.72633,-73.98617,3.3988094,571.0
5636.11,1.1666666666666667,0.4812161626426435,0.685493057172304,-0.6854505040240232,2.1524897922395567,0.5,40.727436,-73.99379,2.9404762,494.0
5653.12,0.6666666666666666,0.0069689646443293896,0.6633384426374201,-0.6596977020223372,1.4652533607738292,0.16666666666666666,40.72584,-74.00765,1.4226191,239.0
5659.05,0.5,0.05428247464442393,0.5511979503377612,-0.44571752535557607,1.7397503270198438,0.3333333333333333,40.72741,-73.98142,2.3392856,393.0
5669.10,1.8333333333333333,0.7946713131156381,1.0867719095125115,-1.0386620202176953,2.9518773163738437,0.6666666666666666,40.72842,-73.98714,2.9761906,500.0
5679.08,1.3333333333333333,0.5729827843175977,1.0883853790928697,-0.7603505490157355,2.339244221787529,0.3333333333333333,40.726154,-73.9951,2.357143,396.0
5687.04,0.3333333333333333,0.28536284577906673,0.44586051118434017,-0.04797048755426658,1.6459392997031064,0.16666666666666666,40.727104,-74.00297,1.9940476,335.0
5696.03,0.0,1.7632587147595554e-14,1.7632587147595554e-14,1.7632587147595554e-14,1.5799564542346179e-09,0.0,40.727715,-74.0113,0.0,0.0
5712.03,1.1666666666666667,0.7684469375041468,1.1712350699526723,-0.3982197291625198,2.9145727164603272,0.3333333333333333,40.729515,-73.99075,1.9523809,328.0
5721.01,0.6666666666666666,0.5891816750712072,0.38042632952177274,-0.07748499159545948,2.492261132651796,0.6666666666666666,40.730476,-73.99906,1.9404762,326.0
5721.07,1.1666666666666667,0.6538830638746731,0.8394436479429714,-0.5127836027919935,2.46685915037286,0.5,40.7284,-73.99969,2.1369047,359.0
5721.14,0.6666666666666666,0.3053724940594596,0.437032029304343,-0.36129417260720703,1.6793013465414977,0.6666666666666666,40.72917,-73.9981,1.6071428,270.0
5730.08,0.5,0.39767956947495503,0.5308387543154822,-0.10232043052504498,2.0639191859237087,0.3333333333333333,40.728848,-74.00859,1.3690476,230.0
5736.09,0.8333333333333334,0.6316414639780609,0.663206991875389,-0.2016918693552725,2.244937121330698,0.6666666666666666,40.729385,-73.97772,2.6011906,437.0
5746.02,0.3333333333333333,0.3604003042394955,0.5223393723936169,0.02706697090616217,1.9424609722582697,0.3333333333333333,40.72971,-73.986595,2.1845238,367.0
5746.14,0.5,0.4349515645953943,0.8016978467615749,-0.0650484354046057,1.8794403884703001,0.16666666666666666,40.729538,-73.98427,2.3809524,400.0
5755.01,0.6666666666666666,0.10334624513113037,0.62326301652926,-0.5633204215355363,1.4571007379062735,0.3333333333333333,40.72904,-73.99405,1.4821428,249.0
5755.09,0.3333333333333333,0.004647039679336255,0.3295580018379951,-0.3286862936539971,1.4207678018523968,0.3333333333333333,40.730495,-73.99572,0.82738096,139.0
5755.14,0.3333333333333333,0.5858406832121545,0.26038140160865925,0.25250734987882123,2.327524708765035,0.3333333333333333,40.731438,-73.9949,1.4880953,250.0
5763.03,0.0,9.885599987000269e-17,9.885599987000269e-17,9.885599987000269e-17,8.009382574664437e-14,0.0,40.730385,-74.00215,0.0,0.0
5779.08,2.0,1.0293263186564825,1.278839984491545,-0.9706736813435176,3.1009796145853366,0.16666666666666666,40.73222,-73.98166,3.0119047,506.0
5779.09,1.1666666666666667,0.29264779520599404,0.875288086363677,-0.8740188714606726,1.5558640854173216,0.5,40.729668,-73.98068,1.6964285,285.0
5779.10,0.8333333333333334,0.6933021202761059,0.4172756130574271,-0.14003121305722743,2.463096943371435,0.5,40.73139,-73.982864,2.75,462.0
5779.11,2.0,0.8175909184174088,1.6282540100061549,-1.1824090815825912,3.0025186191333284,0.3333333333333333,40.730312,-73.98047,3.6309524,610.0
5788.13,0.5,0.5910483610855408,0.8077170305570386,0.09104836108554082,2.7268450681359595,0.16666666666666666,40.730206,-73.99103,3.172619,533.0
5788.15,1.1666666666666667,0.6747262643875729,0.8780880851930609,-0.4919404022790938,2.5777487299204296,0.5,40.732647,-73.99011,2.732143,459.0
5788.16,0.6666666666666666,0.00023748290853594275,0.6665868379501868,-0.6664291837581308,0.9338408238044735,0.3333333333333333,40.73127,-73.98849,1.4821428,249.0
5805.07,1.3333333333333333,0.30714185039081104,1.247226780657608,-1.0261914829425223,1.8046925749023046,0.16666666666666666,40.73214,-74.00364,2.0,336.0
5820.08,0.5,0.7095001676983278,0.3966506659295798,0.20950016769832777,2.569366620263016,0.3333333333333333,40.73154,-73.985306,2.5238094,424.0
5838.09,0.8333333333333334,0.48016240021024714,0.6155857227289138,-0.3531709331230862,2.1394105212271675,0.5,40.732243,-74.00027,2.3392856,393.0
5847.01,0.16666666666666666,0.04888469711446911,0.11961012815936556,-0.11778196955219755,1.4168029359108896,0.16666666666666666,40.732914,-74.00711,2.1547618,362.0
5854.09,0.5,0.7028975622961298,0.23293792576684305,0.20289756229612976,2.5196154279641783,0.5,40.73381,-73.980545,3.375,567.0
5863.07,0.0,0.25506387527760427,0.25506387527760427,0.25506387527760427,1.7692120325828664,0.0,40.734234,-73.98692,1.8869047,317.0
5880.02,0.5,0.5452158664508412,0.13307102668719986,0.045215866450841226,2.43325380415407,0.5,40.734013,-74.00294,2.702381,454.0
5886.13,1.6666666666666667,0.4782844999014439,1.4974931075679099,-1.1883821667652228,2.070723408593892,0.16666666666666666,40.733208,-73.975685,2.8392856,477.0
5905.12,0.0,1.096220916775234e-11,1.096220916775234e-11,1.096220916775234e-11,1.2897129934929235e-06,0.0,40.734547,-73.99074,3.9166667,658.0
5905.14,3.5,1.1170761054280167,2.544732219529427,-2.382923894571983,4.1165227335466925,0.3333333333333333,40.734814,-73.99209,5.0119047,842.0
5914.03,0.8333333333333334,0.3490350256330809,0.6881942957606952,-0.48429830770025245,1.671017258861525,0.16666666666666666,40.735325,-73.998,2.0892856,351.0
5929.01,0.6666666666666666,0.2796476967972315,0.5116540538583649,-0.3870189698694351,1.5841279802383497,0.3333333333333333,40.736504,-73.978096,2.8095238,472.0
5938.11,0.8333333333333334,0.33051240350323496,0.7761408162938702,-0.5028209298300984,1.7384735132758824,0.16666666666666666,40.735367,-73.987976,1.5178572,255.0
5947.04,0.8333333333333334,0.3077443157962989,0.525597678827277,-0.5255890175370345,1.7699126845597206,0.6666666666666666,40.735443,-73.99431,2.1130953,355.0
5971.08,0.6666666666666666,0.15360296251795566,0.5799360621216086,-0.513063704148711,1.2167969558941725,0.16666666666666666,40.735878,-73.98205,1.9940476,335.0
5971.09,0.6666666666666666,0.3429174908299804,0.6697323410013875,-0.3237491758366862,1.6870021422753325,0.0,40.737167,-73.981224,1.9880953,334.0
5980.07,0.8333333333333334,0.8645633288830746,1.056748349578811,0.031229995549741336,2.980401048417468,0.3333333333333333,40.73705,-73.99009,3.9940476,671.0
5989.02,0.6666666666666666,0.5056010126609181,0.603946173145232,-0.1610656540057486,2.1583291593607945,0.16666666666666666,40.738045,-73.99643,3.392857,570.0
6004.06,0.5,0.0810615908952362,0.4366714994109013,-0.4189384091047638,1.5013297574207531,0.5,40.739445,-73.97681,2.922619,491.0
6022.04,0.5,0.3539642511148789,0.6971788623272914,-0.14603574888512108,1.8476039351367781,0.0,40.737263,-73.992386,2.482143,417.0
6030.04,1.0,0.5074971114784906,0.5933127355795781,-0.4925028885215094,2.1511861435305,0.6666666666666666,40.737816,-73.99995,2.1130953,355.0
6030.06,1.1666666666666667,0.31950195290604216,0.8642032112475135,-0.8471647137606245,1.8618804511762335,0.3333333333333333,40.739357,-73.99932,2.0416667,343.0
6039.06,0.8333333333333334,0.05135180216120716,0.7841648715446657,-0.7819815311721262,1.4553551187102052,0.16666666666666666,40.739323,-74.00812,2.2083333,371.0
6046.02,1.5,0.5137457250699905,0.9862542749300095,-0.9862542749300095,2.153672895804599,0.6666666666666666,40.739124,-73.97974,2.6904762,452.0
6055.08,0.6666666666666666,0.16767502825920624,0.5763528645184124,-0.4989916384074604,1.4605840506927923,0.16666666666666666,40.738274,-73.98752,1.8273809,307.0
6064.08,0.3333333333333333,0.28227776294799395,0.2088783930326675,-0.0510555703853394,1.5373809024289022,0.3333333333333333,40.73971,-73.99456,2.3690476,398.0
6072.06,0.5,0.27596707581127095,0.4111779177054207,-0.22403292418872903,1.8293801142519648,0.3333333333333333,40.739017,-74.00264,2.6904762,452.0
6072.11,1.3333333333333333,0.7600533029029369,1.1830935483406695,-0.5732800304303964,2.9580216481210706,0.5,40.740982,-74.0017,3.2440476,545.0
6079.03,1.3333333333333333,0.2456801639321687,1.0876531694011646,-1.0876531694011646,1.5158868343066654,0.5,40.741444,-73.97536,2.2380953,376.0
6089.07,0.6666666666666666,0.4747579875984229,0.5215094470380185,-0.19190867906824374,2.1408144369827844,0.3333333333333333,40.740257,-73.98409,2.3869047,401.0
6098.10,1.3333333333333333,0.5713388231891562,0.879277488665745,-0.7619945101441772,2.558392330415731,0.6666666666666666,40.739887,-73.989586,3.6130953,607.0
6098.12,1.5,0.23897764271672864,1.2610236203814036,-1.2610223572832713,1.5850635794113497,0.3333333333333333,40.738663,-73.989876,2.9107144,489.0
6115.06,0.3333333333333333,0.07188096466946566,0.40451339611945514,-0.2614523686638677,1.3118535724079134,0.0,40.74006,-74.00527,1.8154762,305.0
6122.09,2.0,0.8039752183697905,1.7211457192182327,-1.1960247816302096,2.8896578198546714,0.0,40.741722,-73.978096,2.7916667,469.0
6131.13,0.8333333333333334,0.14075874236429323,0.6929890806198576,-0.6925745909690401,1.324398789224792,0.3333333333333333,40.742752,-73.98472,1.7083334,287.0
6140.05,1.5,1.3220856011891253,0.9049330601204323,-0.17791439881087476,3.5172997873057597,0.6666666666666666,40.74174,-73.994156,6.6190476,1112.0
6148.02,0.6666666666666666,0.06208358270714598,0.6054076513808772,-0.6045830839595207,1.1750150783073465,0.3333333333333333,40.741776,-74.001495,1.2976191,218.0
6157.04,0.3333333333333333,6.205726808672374e-05,0.33338226949901223,-0.3332712760652466,0.8749185820321482,0.16666666666666666,40.74198,-74.008316,2.142857,360.0
6173.08,2.3333333333333335,0.6263157578195356,1.7070183179608496,-1.7070175755137977,2.8153748021164695,0.5,40.74287,-73.98919,4.642857,780.0
6182.02,0.0,0.0003854410533676855,0.0003854410533676855,0.0003854410533676855,1.209203799542043,0.0,40.74239,-73.99726,0.0,0.0
6190.08,0.16666666666666666,0.3506439022809597,0.223948905129267,0.18397723561429302,2.0453230604097237,0.16666666666666666,40.743176,-74.00366,2.0654762,347.0
6197.02,1.6666666666666667,0.5846111852163934,1.0822455662722252,-1.0820554814502732,2.3925382750664803,0.5,40.74291,-73.97706,2.857143,480.0
6197.08,1.5,0.9979484396268768,0.5023287975442751,-0.5020515603731232,3.207627870203396,0.8333333333333334,40.743225,-73.974495,4.797619,806.0
6206.08,0.6666666666666666,0.03553310974439228,0.6311562198937585,-0.6311335569222744,1.1230078771752214,0.6666666666666666,40.74445,-73.98303,1.7023809,286.0
6215.04,0.3333333333333333,0.2727227083314574,0.39054446135651233,-0.06061062500187594,1.6988823932046533,0.16666666666666666,40.743954,-73.99145,2.1607144,363.0
6224.03,0.16666666666666666,0.5875601916874681,0.4310564547146593,0.42089352502080146,2.260680004121241,0.16666666666666666,40.74475,-73.99915,2.3452382,394.0
6224.05,1.5,0.4802864388135883,1.2456249279396918,-1.0197135611864117,2.0519181006299996,0.3333333333333333,40.743454,-74.00004,2.5892856,435.0
6230.04,0.6666666666666666,0.0742310618811904,0.7408968842995473,-0.5924356047854763,0.9310289453449281,0.0,40.74422,-73.971214,1.9047619,320.0
6233.05,0.3333333333333333,0.02948123088272799,0.34749278421990465,-0.30385210245060534,1.1479977105129355,0.3333333333333333,40.74335,-74.00682,2.1845238,367.0
6239.08,1.3333333333333333,0.687002173014965,0.8288898179416719,-0.6463311603183683,2.496188350237427,0.3333333333333333,40.743942,-73.97966,2.9583333,497.0
6247.06,2.0,0.5164818960326253,1.4835181039673746,-1.4835181039673746,2.344529385501403,0.5,40.746647,-73.99391,3.017857,507.0
6257.03,0.8333333333333334,0.6186514588916907,0.46886043923344306,-0.21468187444164263,2.291261506093344,0.5,40.744877,-73.9953,3.202381,538.0
6266.06,1.5,0.6486343032726533,0.9015396869787461,-0.8513656967273467,2.5915783493817535,0.6666666666666666,40.7455,-74.00197,3.9404762,662.0
6289.06,0.16666666666666666,0.6767094969366857,0.510042830270019,0.510042830270019,2.7954451918956735,0.16666666666666666,40.7462,-73.988556,3.1488094,529.0
6297.02,1.0,0.5994194555581392,0.654559320275439,-0.4005805444418608,2.263598408044951,0.5,40.74735,-73.99724,2.5059524,421.0
6303.01,1.0,0.09690263338870864,0.9031412279894843,-0.9030973666112914,1.3301091127810547,0.5,40.74714,-73.97113,2.2619047,380.0
6306.01,1.1666666666666667,0.6140380061701762,0.5526591397360789,-0.5526286604964904,2.4646439515390135,0.6666666666666666,40.745686,-74.00514,2.3869047,401.0
6306.06,1.1666666666666667,0.3737457760037917,0.7929481223585148,-0.792920890662875,2.1002378533280024,0.6666666666666666,40.746918,-74.00452,3.0238094,508.0
6322.01,1.6666666666666667,0.49024831586818135,1.176468437088867,-1.1764183507984853,2.199227350067872,0.5,40.747658,-73.98491,2.3452382,394.0
6331.01,2.3333333333333335,1.092052264449497,1.2483685944850247,-1.2412810688838363,3.4319067594324224,0.8333333333333334,40.749157,-73.9916,5.214286,876.0
6345.08,1.1666666666666667,0.6138182730028348,0.6717321823586341,-0.5528483936638319,2.3574353024247237,0.5,40.74803,-73.97383,2.9464285,495.0
6364.07,2.0,1.4536069221794605,0.9683530715604624,-0.5463930778205395,4.1190023947395575,0.5,40.749012,-73.98849,5.107143,858.0
6364.10,1.5,0.8132503828286038,1.1239303550003872,-0.6867496171713962,3.117103504198326,0.5,40.74964,-73.98805,4.2559524,715.0
6382.05,2.8333333333333335,0.06795919081491775,2.9008056988792155,-2.7653741425184157,1.1168270633472457,0.16666666666666666,40.749718,-74.00295,2.0535715,345.0
6389.09,0.16666666666666666,0.016818213027363527,0.18301610530579637,-0.14984845363930313,1.2654076120228979,0.16666666666666666,40.7495,-73.977295,1.9642857,330.0
6416.06,0.6666666666666666,0.3560648082299546,0.6179453773899392,-0.31060185843671206,1.7757948341306171,0.3333333333333333,40.750072,-73.99839,2.3869047,401.0
6425.04,1.0,0.0013493965034285793,0.9994356461338612,-0.9986506034965714,1.5792363902408937,0.3333333333333333,40.751396,-74.005226,2.392857,402.0
6432.11,1.6666666666666667,0.2757479046640962,1.50388567595265,-1.3909187620025705,1.9091092550110085,0.16666666666666666,40.750755,-73.978325,3.9107144,657.0
6450.05,1.6666666666666667,0.606742530973861,1.482147932042911,-1.0599241356928057,2.5733003547880364,0.5,40.750584,-73.99468,3.375,567.0
6450.12,3.8333333333333335,0.9508941024541855,2.882439230879148,-2.882439230879148,3.324985810199602,0.5,40.751553,-73.993935,4.7440476,797.0
6459.04,1.1666666666666667,0.7278244001669615,0.5002782447142332,-0.43884226649970515,2.6477531051255405,0.6666666666666666,40.750664,-74.00177,2.9285715,492.0
6459.07,1.5,0.26785337801068937,1.2321694552694378,-1.2321466219893107,1.7289243554528853,0.5,40.752693,-74.00235,2.7619047,464.0
6464.09,0.6666666666666666,0.3027686133067012,0.5639051882102043,-0.36389805335996545,1.7326882910397927,0.5,40.752644,-73.975,2.672619,449.0
6517.08,1.1666666666666667,0.5421059045517419,0.7341978607334264,-0.6245607621149247,2.3825139865860856,0.5,40.75492,-73.98455,1.6904762,284.0
6526.05,1.5,0.5022492760860283,0.9978490724606672,-0.9977507239139717,2.2655416238482267,0.5,40.75461,-73.99177,3.952381,664.0
6535.04,0.3333333333333333,0.12153183345088318,0.3741666792146579,-0.21180149988245014,1.063086916081369,0.16666666666666666,40.75517,-74.0006,2.75,462.0
6551.02,1.1666666666666667,0.2049868823355041,1.168375375310859,-0.9616797843311625,1.4924396813265546,0.0,40.755,-73.98014,2.7916667,469.0
6560.01,1.1666666666666667,0.5574064367174287,0.6206036719837963,-0.6092602299492379,2.7675020167470925,0.5,40.755135,-73.98658,2.5714285,432.0
6560.15,0.8333333333333334,0.229794549383314,0.683393810930132,-0.6035387839500194,1.5372756929966325,0.3333333333333333,40.75297,-73.98735,0.95238096,160.0
6578.01,0.5,4.557881077982273e-05,0.5000306297408583,-0.4999544211892202,0.5045885272739566,0.0,40.755943,-74.00211,1.1309524,190.0
6584.12,0.16666666666666666,0.00011537038285069912,0.1667562534034417,-0.16655129628381596,0.5323631890131171,0.0,40.755104,-73.97498,2.3214285,390.0
6593.15,1.6666666666666667,0.41752346817717506,1.2491466890516374,-1.2491431984894916,2.2239766125342726,0.6666666666666666,40.75695,-73.98263,4.077381,685.0
6602.03,2.0,0.5769922214640246,1.4230443366262382,-1.4230077785359754,2.812505487701261,0.6666666666666666,40.756405,-73.99003,3.267857,549.0
6602.05,0.5,0.804584211204201,0.922779844297717,0.304584211204201,2.952832243472585,0.3333333333333333,40.75757,-73.99098,3.5952382,604.0
6611.02,1.5,0.5254268654922877,1.2479629080286638,-0.9745731345077123,2.0450928080269932,0.16666666666666666,40.756603,-73.9979,2.7738094,466.0
6617.09,0.8333333333333334,0.08912028367679643,0.7581052033128799,-0.7442130496565369,1.33411304951458,0.16666666666666666,40.75828,-73.970695,2.3214285,390.0
6676.02,1.1666666666666667,1.1463545352259341,0.7764351954101585,-0.020312131440732628,3.4776400424899143,0.6666666666666666,40.759293,-73.988594,3.267857,549.0
6708.04,4.666666666666667,0.8046397079815506,4.044782389224565,-3.862026958685116,3.1430509879887722,0.3333333333333333,40.760178,-73.98487,2.0535715,345.0
6717.06,1.6666666666666667,0.8238034512323793,0.9771160418070698,-0.8428632154342873,2.9592792198466973,0.6666666666666666,40.760193,-73.99126,3.2559524,547.0
6726.01,1.8333333333333333,1.2839809991855873,1.2030161204311298,-0.5493523341477461,3.297353047632631,0.5,40.7603,-73.99884,4.696429,789.0
6740.10,0.6666666666666666,0.19483511125114697,0.558420487276635,-0.4718315554155197,1.515657682991142,0.5,40.76066,-73.98042,1.6488096,277.0
6747.06,1.8333333333333333,0.5586758208276782,1.767325122845553,-1.2746575125056552,2.2823875010820607,0.16666666666666666,40.76227,-73.987885,3.0714285,516.0
6747.07,2.1666666666666665,1.1124064974937937,1.8013099195110651,-1.054260169172873,3.460890267307169,0.3333333333333333,40.76171,-73.98655,1.6726191,281.0
6753.08,1.1666666666666667,0.6178124996937792,1.0931765275005698,-0.5488541669728875,2.5622857808662425,0.3333333333333333,40.761227,-73.96094,3.3333333,560.0
6756.01,1.3333333333333333,0.8504875134579682,0.6762799706096606,-0.4828458198753651,2.7865275788865724,0.6666666666666666,40.760094,-73.99462,3.5059524,589.0
6756.05,0.6666666666666666,0.35935430162741494,0.47787214332978084,-0.30731236503925174,2.0563156049068545,0.5,40.76201,-73.99698,2.3333333,392.0
6765.01,0.8333333333333334,1.4647512326959947e-05,0.8333228797365532,-0.8333186858210064,0.8212264939743746,0.0,40.760876,-74.00278,3.422619,575.0
6779.04,1.3333333333333333,0.25993955390367773,1.2146712073069164,-1.0733937794296555,1.7446500002013916,0.3333333333333333,40.762287,-73.98336,1.3452381,226.0
6779.05,1.0,0.4537831724834784,0.9642099955526646,-0.5462168275165217,2.1583385793162506,0.5,40.76344,-73.98268,1.1011904,185.0
6809.09,1.0,0.2524466394161209,0.7475611977100319,-0.7475533605838791,1.6054244339640888,0.6666666666666666,40.763187,-73.97843,1.6428572,276.0
6816.07,0.6666666666666666,0.6972407590316531,0.4738656840005812,0.030574092364986427,2.711921526130311,0.6666666666666666,40.763706,-73.98516,4.3333335,728.0
6822.09,0.6666666666666666,0.7938998563986388,0.5833391074241566,0.12723318973197215,3.0274489065598638,0.6666666666666666,40.765007,-73.95818,5.3511906,899.0
6824.07,1.3333333333333333,0.46942647905962076,0.8642498911600948,-0.8639068542737126,2.0878326811777392,0.5,40.7627,-73.99301,2.7202382,457.0
6839.10,0.5,0.42538644679706294,0.43939879647907293,-0.07461355320293706,2.3541122717522995,0.5,40.764397,-73.97372,6.8630953,1153.0
6847.02,0.6666666666666666,0.27959333524692437,0.38941517758394184,-0.3870733314197423,1.9131846117835305,0.5,40.765266,-73.981926,0.89285713,150.0
6876.04,0.5,0.2151178127176235,0.504624814410454,-0.2848821872823765,2.3253533295362643,0.5,40.76591,-73.97634,1.4226191,239.0
6889.12,0.3333333333333333,0.30500920528599335,0.3607355976940501,-0.028324128047340007,1.7246846100002244,0.3333333333333333,40.76664,-73.95348,2.607143,438.0
6890.01,0.8333333333333334,0.3441932362547959,0.49074387175157125,-0.4891400970785374,1.71510152977487,0.5,40.766697,-73.990616,2.517857,423.0
6890.06,1.0,0.4888501338864444,0.7760468197569329,-0.5111498661135556,2.1100785079929665,0.3333333333333333,40.764732,-73.99194,2.1309524,358.0
6912.01,0.3333333333333333,0.14984065208926248,0.4548074331642198,-0.18349268124407084,1.5550004415169134,0.3333333333333333,40.76674,-73.97907,1.5654762,263.0
6920.03,0.8333333333333334,0.7244820378158087,0.4785037618809535,-0.1088512955175247,2.5696662492776263,0.5,40.76585,-73.98691,3.0357144,510.0
6925.09,0.6666666666666666,0.42653029069212306,0.5876997115398505,-0.24013637597454363,1.9455458483688328,0.3333333333333333,40.76876,-73.958405,2.6547618,446.0
6948.10,2.3333333333333335,1.0194139176601311,1.3139246444867847,-1.3139194156732021,3.9056114756150015,0.8333333333333334,40.766953,-73.9817,8.613095,1447.0
6955.05,0.8333333333333334,0.2657321725325043,0.9332595880820614,-0.567601160800829,1.6844013403128077,0.3333333333333333,40.768333,-73.99258,2.4940476,419.0
7014.12,2.1666666666666665,0.5181757589592356,1.648542164431395,-1.648490907707431,2.3497991355279004,0.3333333333333333,40.77003,-73.98197,3.4047618,572.0
7020.09,0.0,3.6104417534358704e-09,3.6104417534358704e-09,3.6104417534358704e-09,3.966678022544109e-05,0.0,40.771404,-73.953514,3.2083333,539.0
7023.04,1.0,0.5051907458194668,0.7521866345887247,-0.4948092541805333,2.1479991660352957,0.5,40.77051,-73.98804,2.672619,449.0
7052.01,2.3333333333333335,0.853135013658175,1.6575553611000942,-1.4801983196751582,2.8970899674716506,0.5,40.771637,-73.98261,2.9940476,503.0
7059.01,0.3333333333333333,0.09290135852036958,0.3046551861564997,-0.24043197481296374,1.206736712115621,0.3333333333333333,40.771496,-73.99046,1.9047619,320.0
7059.08,0.3333333333333333,0.5653221226311871,0.4709908283330151,0.23198878929785374,2.2971599378699588,0.3333333333333333,40.77237,-73.99005,3.077381,517.0
7079.06,1.8333333333333333,0.1691158059700418,1.664218039662444,-1.6642175273632915,1.5590173173796422,0.16666666666666666,40.773407,-73.97783,3.6785715,618.0
7100.07,0.5,0.0744385504061557,0.48674919787392784,-0.4255614495938443,1.3764642324328393,0.3333333333333333,40.772827,-73.96685,3.5714285,600.0
7116.04,1.5,0.7550973969476521,0.7815280911981972,-0.7449026030523479,2.783675381539254,0.6666666666666666,40.774925,-73.982666,2.6488094,445.0
7123.04,0.5,0.22972809109645217,0.5457238618055271,-0.27027190890354785,1.3201753752493346,0.16666666666666666,40.775158,-73.98919,2.0297618,341.0
7141.07,0.8333333333333334,0.20770584043323956,0.8858210348444118,-0.6256274929000938,1.6557475008699905,0.16666666666666666,40.775795,-73.976204,3.4345238,577.0
7161.08,0.0,0.019949269035729838,0.019949269035729838,0.019949269035729838,0.7834900071090031,0.0,40.77632,-73.96427,2.857143,480.0
7175.05,1.0,0.5467577681256444,0.9002743173565856,-0.45324223187435564,2.4906245893006207,0.6666666666666666,40.777058,-73.97898,3.2559524,547.0
7183.03,2.1666666666666665,0.1862410471411143,1.980429464836713,-1.9804256195255523,1.4257141031904534,0.3333333333333333,40.777508,-73.988884,2.1309524,358.0
7207.08,1.1666666666666667,0.8067825396525828,0.5837712128898905,-0.3598841270140838,3.003393240769166,0.6666666666666666,40.77748,-73.98289,2.8988094,487.0
7212.05,1.1666666666666667,0.6833307113217112,0.672922141321275,-0.48333595534495544,2.5087345897073683,0.6666666666666666,40.77801,-73.95407,3.1488094,529.0
7260.09,1.5,1.0465512184346153,0.5018317012036277,-0.4534487815653847,3.379983107657187,0.6666666666666666,40.779667,-73.980934,3.5714285,600.0
7311.02,0.6666666666666666,0.48437395002595923,0.4466361433878774,-0.18229271664070743,2.1424427817515643,0.5,40.78294,-73.97865,2.8988094,487.0
7323.09,1.0,0.06362590906549788,1.0108577896298812,-0.9363740909345021,1.2236234840106013,0.3333333333333333,40.782322,-73.95988,3.2916667,553.0
7354.01,0.6666666666666666,0.17729517325293878,0.6304136637686497,-0.4893714934137279,1.3897326172261089,0.16666666666666666,40.78476,-73.969864,2.6547618,446.0
7453.01,0.5,0.06690476962300333,0.45657004243988314,-0.43309523037699665,1.1719693010395968,0.0,40.788666,-73.9668,2.2142856,372.0
7617.07,0.16666666666666666,0.00032608773146118136,0.16680998309955916,-0.16634057893520549,0.9232214267605668,0.16666666666666666,40.799484,-73.95561,2.5059524,421.0
